[{"model": "admin.logentry", "pk": 1, "fields": {"action_time": "2025-06-20T18:46:24.805Z", "user": 1, "content_type": 1, "object_id": "1", "object_repr": "Ahlaq 1", "action_flag": 1, "change_message": "[{\"added\": {}}]"}}, {"model": "admin.logentry", "pk": 2, "fields": {"action_time": "2025-06-20T18:46:26.978Z", "user": 1, "content_type": 1, "object_id": "1", "object_repr": "Ahlaq 1", "action_flag": 2, "change_message": "[]"}}, {"model": "admin.logentry", "pk": 3, "fields": {"action_time": "2025-06-20T18:46:43.247Z", "user": 1, "content_type": 1, "object_id": "2", "object_repr": "Thoharoh", "action_flag": 1, "change_message": "[{\"added\": {}}]"}}, {"model": "admin.logentry", "pk": 4, "fields": {"action_time": "2025-06-20T18:47:06.122Z", "user": 1, "content_type": 1, "object_id": "3", "object_repr": "Ubudiyyah", "action_flag": 1, "change_message": "[{\"added\": {}}]"}}, {"model": "admin.logentry", "pk": 5, "fields": {"action_time": "2025-06-20T18:47:35.464Z", "user": 1, "content_type": 1, "object_id": "4", "object_repr": "Munakahat", "action_flag": 1, "change_message": "[{\"added\": {}}]"}}, {"model": "admin.logentry", "pk": 6, "fields": {"action_time": "2025-06-20T18:47:50.065Z", "user": 1, "content_type": 1, "object_id": "5", "object_repr": "Ahlaq 2", "action_flag": 1, "change_message": "[{\"added\": {}}]"}}, {"model": "admin.logentry", "pk": 7, "fields": {"action_time": "2025-06-20T18:48:14.603Z", "user": 1, "content_type": 3, "object_id": "1", "object_repr": "Kitab Ahlaq 1", "action_flag": 1, "change_message": "[{\"added\": {}}]"}}, {"model": "admin.logentry", "pk": 8, "fields": {"action_time": "2025-06-20T18:48:27.013Z", "user": 1, "content_type": 3, "object_id": "2", "object_repr": "Kitab Niat 1", "action_flag": 1, "change_message": "[{\"added\": {}}]"}}, {"model": "admin.logentry", "pk": 9, "fields": {"action_time": "2025-06-20T18:48:41.021Z", "user": 1, "content_type": 3, "object_id": "3", "object_repr": "Fathul Muin 1", "action_flag": 1, "change_message": "[{\"added\": {}}]"}}, {"model": "admin.logentry", "pk": 10, "fields": {"action_time": "2025-06-20T18:48:55.885Z", "user": 1, "content_type": 3, "object_id": "4", "object_repr": "Fathul Muin 2", "action_flag": 1, "change_message": "[{\"added\": {}}]"}}, {"model": "admin.logentry", "pk": 11, "fields": {"action_time": "2025-06-20T18:49:07.818Z", "user": 1, "content_type": 3, "object_id": "5", "object_repr": "Fathul Muin 3", "action_flag": 1, "change_message": "[{\"added\": {}}]"}}, {"model": "admin.logentry", "pk": 12, "fields": {"action_time": "2025-06-20T18:49:18.918Z", "user": 1, "content_type": 3, "object_id": "6", "object_repr": "Fathul Muin 4", "action_flag": 1, "change_message": "[{\"added\": {}}]"}}, {"model": "admin.logentry", "pk": 13, "fields": {"action_time": "2025-06-20T18:49:30.300Z", "user": 1, "content_type": 3, "object_id": "7", "object_repr": "Fathul Muin 5", "action_flag": 1, "change_message": "[{\"added\": {}}]"}}, {"model": "admin.logentry", "pk": 14, "fields": {"action_time": "2025-06-20T18:49:41.320Z", "user": 1, "content_type": 3, "object_id": "8", "object_repr": "Fathul Muin 6", "action_flag": 1, "change_message": "[{\"added\": {}}]"}}, {"model": "admin.logentry", "pk": 15, "fields": {"action_time": "2025-06-20T18:49:53.356Z", "user": 1, "content_type": 3, "object_id": "9", "object_repr": "Adabun Nabawi", "action_flag": 1, "change_message": "[{\"added\": {}}]"}}, {"model": "admin.logentry", "pk": 16, "fields": {"action_time": "2025-06-20T18:50:21.144Z", "user": 1, "content_type": 3, "object_id": "10", "object_repr": "Kitabus Sholat", "action_flag": 1, "change_message": "[{\"added\": {}}]"}}, {"model": "admin.logentry", "pk": 17, "fields": {"action_time": "2025-06-20T18:50:48.096Z", "user": 1, "content_type": 2, "object_id": "1", "object_repr": "Ahmad Multazam", "action_flag": 1, "change_message": "[{\"added\": {}}]"}}, {"model": "admin.logentry", "pk": 18, "fields": {"action_time": "2025-06-20T18:51:01.437Z", "user": 1, "content_type": 2, "object_id": "2", "object_repr": "Ahmad Tester", "action_flag": 1, "change_message": "[{\"added\": {}}]"}}, {"model": "admin.logentry", "pk": 19, "fields": {"action_time": "2025-06-20T18:51:16.430Z", "user": 1, "content_type": 4, "object_id": "1", "object_repr": "Ahmad Multazam - Kitab Ahlaq 1 (Lulus)", "action_flag": 1, "change_message": "[{\"added\": {}}]"}}, {"model": "admin.logentry", "pk": 20, "fields": {"action_time": "2025-06-21T05:26:25.150Z", "user": 1, "content_type": 4, "object_id": "2", "object_repr": "Ahmad Multazam - Fathul Muin 1 (Mengulang)", "action_flag": 1, "change_message": "[{\"added\": {}}]"}}, {"model": "admin.logentry", "pk": 21, "fields": {"action_time": "2025-06-21T05:42:24.310Z", "user": 1, "content_type": 4, "object_id": "3", "object_repr": "Ahmad Multazam - Kitab Niat 1 (Lulus)", "action_flag": 1, "change_message": "[{\"added\": {}}]"}}, {"model": "admin.logentry", "pk": 22, "fields": {"action_time": "2025-06-21T05:51:16.821Z", "user": 1, "content_type": 4, "object_id": "4", "object_repr": "Ahmad Tester - Kitab Ahlaq 1 (Lulus)", "action_flag": 1, "change_message": "[{\"added\": {}}]"}}, {"model": "admin.logentry", "pk": 23, "fields": {"action_time": "2025-06-21T05:51:35.696Z", "user": 1, "content_type": 4, "object_id": "5", "object_repr": "Ahmad Tester - Kitab Niat 1 (Lulus)", "action_flag": 1, "change_message": "[{\"added\": {}}]"}}, {"model": "admin.logentry", "pk": 24, "fields": {"action_time": "2025-06-21T05:51:51.651Z", "user": 1, "content_type": 4, "object_id": "6", "object_repr": "Ahmad Tester - Fathul Muin 1 (Lulus)", "action_flag": 1, "change_message": "[{\"added\": {}}]"}}, {"model": "admin.logentry", "pk": 25, "fields": {"action_time": "2025-06-21T05:53:37.779Z", "user": 1, "content_type": 4, "object_id": "7", "object_repr": "Ahmad Tester - Fathul Muin 2 (Lulus)", "action_flag": 1, "change_message": "[{\"added\": {}}]"}}, {"model": "admin.logentry", "pk": 26, "fields": {"action_time": "2025-06-21T05:56:39.103Z", "user": 1, "content_type": 1, "object_id": "5", "object_repr": "Ahlaq 2", "action_flag": 2, "change_message": "[{\"changed\": {\"fields\": [\"Urutan\"]}}]"}}, {"model": "admin.logentry", "pk": 27, "fields": {"action_time": "2025-06-21T05:56:39.104Z", "user": 1, "content_type": 1, "object_id": "4", "object_repr": "Munakahat", "action_flag": 2, "change_message": "[{\"changed\": {\"fields\": [\"Urutan\"]}}]"}}, {"model": "admin.logentry", "pk": 28, "fields": {"action_time": "2025-06-21T05:56:39.105Z", "user": 1, "content_type": 1, "object_id": "3", "object_repr": "Ubudiyyah", "action_flag": 2, "change_message": "[{\"changed\": {\"fields\": [\"Urutan\"]}}]"}}, {"model": "admin.logentry", "pk": 29, "fields": {"action_time": "2025-06-21T05:56:39.106Z", "user": 1, "content_type": 1, "object_id": "2", "object_repr": "Thoharoh", "action_flag": 2, "change_message": "[{\"changed\": {\"fields\": [\"Urutan\"]}}]"}}, {"model": "admin.logentry", "pk": 30, "fields": {"action_time": "2025-06-21T05:56:39.109Z", "user": 1, "content_type": 1, "object_id": "1", "object_repr": "Ahlaq 1", "action_flag": 2, "change_message": "[{\"changed\": {\"fields\": [\"Urutan\"]}}]"}}, {"model": "admin.logentry", "pk": 31, "fields": {"action_time": "2025-06-21T06:33:25.662Z", "user": 1, "content_type": 2, "object_id": "1", "object_repr": "Abdul Azis Mugni", "action_flag": 2, "change_message": "[{\"changed\": {\"fields\": [\"Nama lengkap\", \"ID Santri\"]}}]"}}, {"model": "admin.logentry", "pk": 32, "fields": {"action_time": "2025-06-21T06:33:30.327Z", "user": 1, "content_type": 2, "object_id": "2", "object_repr": "Ahmad Tester", "action_flag": 2, "change_message": "[{\"changed\": {\"fields\": [\"ID Santri\"]}}]"}}, {"model": "admin.logentry", "pk": 33, "fields": {"action_time": "2025-06-21T06:33:51.001Z", "user": 1, "content_type": 2, "object_id": "3", "object_repr": "Abdul Aziz Resyfian", "action_flag": 1, "change_message": "[{\"added\": {}}]"}}, {"model": "admin.logentry", "pk": 34, "fields": {"action_time": "2025-06-21T06:33:59.420Z", "user": 1, "content_type": 2, "object_id": "1", "object_repr": "Abdul Azis Mugni", "action_flag": 2, "change_message": "[{\"changed\": {\"fields\": [\"ID Santri\"]}}]"}}, {"model": "admin.logentry", "pk": 35, "fields": {"action_time": "2025-06-21T06:34:28.903Z", "user": 1, "content_type": 2, "object_id": "4", "object_repr": "Abib Hasan Al-habsyi", "action_flag": 1, "change_message": "[{\"added\": {}}]"}}, {"model": "admin.logentry", "pk": 36, "fields": {"action_time": "2025-06-21T06:34:39.994Z", "user": 1, "content_type": 2, "object_id": "5", "object_repr": "Achmad Fachri Alfairuzzabadi", "action_flag": 1, "change_message": "[{\"added\": {}}]"}}, {"model": "admin.logentry", "pk": 37, "fields": {"action_time": "2025-06-21T06:34:55.037Z", "user": 1, "content_type": 2, "object_id": "6", "object_repr": "Afrigh Qolbany Ash Shuhufi", "action_flag": 1, "change_message": "[{\"added\": {}}]"}}, {"model": "admin.logentry", "pk": 38, "fields": {"action_time": "2025-06-21T06:35:35.264Z", "user": 1, "content_type": 2, "object_id": "7", "object_repr": "Ahmad Hazimul Fikri", "action_flag": 1, "change_message": "[{\"added\": {}}]"}}, {"model": "admin.logentry", "pk": 39, "fields": {"action_time": "2025-06-21T06:35:50.908Z", "user": 1, "content_type": 2, "object_id": "8", "object_repr": "Ahmad Multazam", "action_flag": 1, "change_message": "[{\"added\": {}}]"}}, {"model": "admin.logentry", "pk": 40, "fields": {"action_time": "2025-06-21T06:36:00.925Z", "user": 1, "content_type": 2, "object_id": "9", "object_repr": "Ahmad Panji Gumilang", "action_flag": 1, "change_message": "[{\"added\": {}}]"}}, {"model": "admin.logentry", "pk": 41, "fields": {"action_time": "2025-06-21T06:36:10.691Z", "user": 1, "content_type": 2, "object_id": "10", "object_repr": "Ahmad Rifqi Alhanin", "action_flag": 1, "change_message": "[{\"added\": {}}]"}}, {"model": "admin.logentry", "pk": 42, "fields": {"action_time": "2025-06-21T06:36:19.730Z", "user": 1, "content_type": 2, "object_id": "11", "object_repr": "Al-Mu'tashim Billah", "action_flag": 1, "change_message": "[{\"added\": {}}]"}}, {"model": "admin.logentry", "pk": 43, "fields": {"action_time": "2025-06-21T06:36:28.276Z", "user": 1, "content_type": 2, "object_id": "12", "object_repr": "Ammarun Fathin Arrojib", "action_flag": 1, "change_message": "[{\"added\": {}}]"}}, {"model": "admin.logentry", "pk": 44, "fields": {"action_time": "2025-06-21T06:36:40.607Z", "user": 1, "content_type": 2, "object_id": "13", "object_repr": "Andrean Mahesyah", "action_flag": 1, "change_message": "[{\"added\": {}}]"}}, {"model": "admin.logentry", "pk": 45, "fields": {"action_time": "2025-06-21T06:36:58.704Z", "user": 1, "content_type": 2, "object_id": "14", "object_repr": "Aqil Subhan Mubarok", "action_flag": 1, "change_message": "[{\"added\": {}}]"}}, {"model": "admin.logentry", "pk": 46, "fields": {"action_time": "2025-06-21T06:37:08.765Z", "user": 1, "content_type": 2, "object_id": "15", "object_repr": "Ardi Surahman", "action_flag": 1, "change_message": "[{\"added\": {}}]"}}, {"model": "admin.logentry", "pk": 47, "fields": {"action_time": "2025-06-21T06:37:17.082Z", "user": 1, "content_type": 2, "object_id": "16", "object_repr": "Asrori Adiba", "action_flag": 1, "change_message": "[{\"added\": {}}]"}}, {"model": "admin.logentry", "pk": 48, "fields": {"action_time": "2025-06-21T06:37:28.050Z", "user": 1, "content_type": 2, "object_id": "17", "object_repr": "Burhan Shofi", "action_flag": 1, "change_message": "[{\"added\": {}}]"}}, {"model": "admin.logentry", "pk": 49, "fields": {"action_time": "2025-06-21T06:37:43.164Z", "user": 1, "content_type": 2, "object_id": "18", "object_repr": "Fahri Fairuz Nabawi", "action_flag": 1, "change_message": "[{\"added\": {}}]"}}, {"model": "admin.logentry", "pk": 50, "fields": {"action_time": "2025-06-21T06:37:50.799Z", "user": 1, "content_type": 2, "object_id": "19", "object_repr": "Fahrul Ramdani", "action_flag": 1, "change_message": "[{\"added\": {}}]"}}, {"model": "admin.logentry", "pk": 51, "fields": {"action_time": "2025-06-21T06:38:02.307Z", "user": 1, "content_type": 2, "object_id": "20", "object_repr": "Fakih Hakim", "action_flag": 1, "change_message": "[{\"added\": {}}]"}}, {"model": "admin.logentry", "pk": 52, "fields": {"action_time": "2025-06-21T06:38:27.360Z", "user": 1, "content_type": 2, "object_id": "21", "object_repr": "Fikri Habli Hukma", "action_flag": 1, "change_message": "[{\"added\": {}}]"}}, {"model": "admin.logentry", "pk": 53, "fields": {"action_time": "2025-06-21T06:38:38.143Z", "user": 1, "content_type": 2, "object_id": "22", "object_repr": "Fikri Naufal", "action_flag": 1, "change_message": "[{\"added\": {}}]"}}, {"model": "admin.logentry", "pk": 54, "fields": {"action_time": "2025-06-21T06:38:48.399Z", "user": 1, "content_type": 2, "object_id": "23", "object_repr": "Gilang Risky Aditya", "action_flag": 1, "change_message": "[{\"added\": {}}]"}}, {"model": "admin.logentry", "pk": 55, "fields": {"action_time": "2025-06-21T06:38:56.234Z", "user": 1, "content_type": 2, "object_id": "24", "object_repr": "Habibi Ahmad Mujtaba", "action_flag": 1, "change_message": "[{\"added\": {}}]"}}, {"model": "admin.logentry", "pk": 56, "fields": {"action_time": "2025-06-21T06:39:05.080Z", "user": 1, "content_type": 2, "object_id": "25", "object_repr": "Hawari Anshorullah", "action_flag": 1, "change_message": "[{\"added\": {}}]"}}, {"model": "admin.logentry", "pk": 57, "fields": {"action_time": "2025-06-21T06:39:13.655Z", "user": 1, "content_type": 2, "object_id": "26", "object_repr": "Januar Robbani Faza", "action_flag": 1, "change_message": "[{\"added\": {}}]"}}, {"model": "admin.logentry", "pk": 58, "fields": {"action_time": "2025-06-21T06:39:21.684Z", "user": 1, "content_type": 2, "object_id": "27", "object_repr": "Lutfi Aziz Wahyudin", "action_flag": 1, "change_message": "[{\"added\": {}}]"}}, {"model": "admin.logentry", "pk": 59, "fields": {"action_time": "2025-06-21T06:39:32.649Z", "user": 1, "content_type": 2, "object_id": "28", "object_repr": "M Satria Sirojul Alam", "action_flag": 1, "change_message": "[{\"added\": {}}]"}}, {"model": "admin.logentry", "pk": 60, "fields": {"action_time": "2025-06-21T06:39:41.489Z", "user": 1, "content_type": 2, "object_id": "29", "object_repr": "M. Bakhrun Amiq Bila Sakhil", "action_flag": 1, "change_message": "[{\"added\": {}}]"}}, {"model": "admin.logentry", "pk": 61, "fields": {"action_time": "2025-06-21T06:39:50.736Z", "user": 1, "content_type": 2, "object_id": "30", "object_repr": "M. Dzaky Fauzul Khaq", "action_flag": 1, "change_message": "[{\"added\": {}}]"}}, {"model": "admin.logentry", "pk": 62, "fields": {"action_time": "2025-06-21T06:39:58.225Z", "user": 1, "content_type": 2, "object_id": "31", "object_repr": "M. Faiq Reychan Al Chaidar", "action_flag": 1, "change_message": "[{\"added\": {}}]"}}, {"model": "admin.logentry", "pk": 63, "fields": {"action_time": "2025-06-21T06:40:10.141Z", "user": 1, "content_type": 2, "object_id": "32", "object_repr": "M. Faiz Hilmi", "action_flag": 1, "change_message": "[{\"added\": {}}]"}}, {"model": "admin.logentry", "pk": 64, "fields": {"action_time": "2025-06-21T06:40:22.894Z", "user": 1, "content_type": 2, "object_id": "33", "object_repr": "M. Haikal Ath Thoriq", "action_flag": 1, "change_message": "[{\"added\": {}}]"}}, {"model": "admin.logentry", "pk": 65, "fields": {"action_time": "2025-06-21T06:40:30.464Z", "user": 1, "content_type": 2, "object_id": "34", "object_repr": "M. Hidayatul Mutafakirin", "action_flag": 1, "change_message": "[{\"added\": {}}]"}}, {"model": "admin.logentry", "pk": 66, "fields": {"action_time": "2025-06-21T06:40:38.134Z", "user": 1, "content_type": 2, "object_id": "35", "object_repr": "M. Izzul Ubaidillah", "action_flag": 1, "change_message": "[{\"added\": {}}]"}}, {"model": "admin.logentry", "pk": 67, "fields": {"action_time": "2025-06-21T06:40:45.679Z", "user": 1, "content_type": 2, "object_id": "36", "object_repr": "M. Nicolas Nashrul Anam", "action_flag": 1, "change_message": "[{\"added\": {}}]"}}, {"model": "admin.logentry", "pk": 68, "fields": {"action_time": "2025-06-21T06:40:54.158Z", "user": 1, "content_type": 2, "object_id": "37", "object_repr": "M. Sulthan Yusra", "action_flag": 1, "change_message": "[{\"added\": {}}]"}}, {"model": "admin.logentry", "pk": 69, "fields": {"action_time": "2025-06-21T06:41:04.462Z", "user": 1, "content_type": 2, "object_id": "38", "object_repr": "M. Wifqi Aziz", "action_flag": 1, "change_message": "[{\"added\": {}}]"}}, {"model": "admin.logentry", "pk": 70, "fields": {"action_time": "2025-06-21T06:41:11.974Z", "user": 1, "content_type": 2, "object_id": "39", "object_repr": "Maftuh Wustho Nur", "action_flag": 1, "change_message": "[{\"added\": {}}]"}}, {"model": "admin.logentry", "pk": 71, "fields": {"action_time": "2025-06-21T06:41:22.625Z", "user": 1, "content_type": 2, "object_id": "40", "object_repr": "Moch. Esa Syifa'ul Abrori", "action_flag": 1, "change_message": "[{\"added\": {}}]"}}, {"model": "admin.logentry", "pk": 72, "fields": {"action_time": "2025-06-21T06:41:34.793Z", "user": 1, "content_type": 2, "object_id": "41", "object_repr": "Moh Fikri Rafi'usysyani", "action_flag": 1, "change_message": "[{\"added\": {}}]"}}, {"model": "admin.logentry", "pk": 73, "fields": {"action_time": "2025-06-21T06:41:43.738Z", "user": 1, "content_type": 2, "object_id": "42", "object_repr": "Muchammad Daniel Faza", "action_flag": 1, "change_message": "[{\"added\": {}}]"}}, {"model": "admin.logentry", "pk": 74, "fields": {"action_time": "2025-06-21T06:41:52.400Z", "user": 1, "content_type": 2, "object_id": "43", "object_repr": "Muhamad Fawwaz Akbar", "action_flag": 1, "change_message": "[{\"added\": {}}]"}}, {"model": "admin.logentry", "pk": 75, "fields": {"action_time": "2025-06-21T06:42:01.142Z", "user": 1, "content_type": 2, "object_id": "44", "object_repr": "Muhamad Ridwan", "action_flag": 1, "change_message": "[{\"added\": {}}]"}}, {"model": "admin.logentry", "pk": 76, "fields": {"action_time": "2025-06-21T06:42:20.709Z", "user": 1, "content_type": 2, "object_id": "45", "object_repr": "Muhammad Al Muhtadi", "action_flag": 1, "change_message": "[{\"added\": {}}]"}}, {"model": "admin.logentry", "pk": 77, "fields": {"action_time": "2025-06-21T06:42:30.184Z", "user": 1, "content_type": 2, "object_id": "46", "object_repr": "Muhammad Alfan Khoir", "action_flag": 1, "change_message": "[{\"added\": {}}]"}}, {"model": "admin.logentry", "pk": 78, "fields": {"action_time": "2025-06-21T06:42:43.132Z", "user": 1, "content_type": 2, "object_id": "47", "object_repr": "Muhammad Ali Maulana", "action_flag": 1, "change_message": "[{\"added\": {}}]"}}, {"model": "admin.logentry", "pk": 79, "fields": {"action_time": "2025-06-21T06:42:53.263Z", "user": 1, "content_type": 2, "object_id": "48", "object_repr": "Muhammad Azza Alaih", "action_flag": 1, "change_message": "[{\"added\": {}}]"}}, {"model": "admin.logentry", "pk": 80, "fields": {"action_time": "2025-06-21T06:43:03.279Z", "user": 1, "content_type": 2, "object_id": "49", "object_repr": "Muhammad Baihaqi Hakim", "action_flag": 1, "change_message": "[{\"added\": {}}]"}}, {"model": "admin.logentry", "pk": 81, "fields": {"action_time": "2025-06-21T06:43:12.263Z", "user": 1, "content_type": 2, "object_id": "50", "object_repr": "Muhammad Bintang Alfanero", "action_flag": 1, "change_message": "[{\"added\": {}}]"}}, {"model": "admin.logentry", "pk": 82, "fields": {"action_time": "2025-06-21T06:43:20.091Z", "user": 1, "content_type": 2, "object_id": "51", "object_repr": "Muhammad Fardan Auliya'", "action_flag": 1, "change_message": "[{\"added\": {}}]"}}, {"model": "admin.logentry", "pk": 83, "fields": {"action_time": "2025-06-21T06:43:27.986Z", "user": 1, "content_type": 2, "object_id": "52", "object_repr": "Muhammad Fatwa Fauzi", "action_flag": 1, "change_message": "[{\"added\": {}}]"}}, {"model": "admin.logentry", "pk": 84, "fields": {"action_time": "2025-06-21T06:43:35.737Z", "user": 1, "content_type": 2, "object_id": "53", "object_repr": "Muhammad Hapis HSB", "action_flag": 1, "change_message": "[{\"added\": {}}]"}}, {"model": "admin.logentry", "pk": 85, "fields": {"action_time": "2025-06-21T06:43:45.021Z", "user": 1, "content_type": 2, "object_id": "54", "object_repr": "Muhammad Ircham Ma'azizi", "action_flag": 1, "change_message": "[{\"added\": {}}]"}}, {"model": "admin.logentry", "pk": 86, "fields": {"action_time": "2025-06-21T06:43:52.412Z", "user": 1, "content_type": 2, "object_id": "55", "object_repr": "Muhammad Lutfi Habibi", "action_flag": 1, "change_message": "[{\"added\": {}}]"}}, {"model": "admin.logentry", "pk": 87, "fields": {"action_time": "2025-06-21T06:44:02.497Z", "user": 1, "content_type": 2, "object_id": "56", "object_repr": "Muhammad Nawwaf Arkan", "action_flag": 1, "change_message": "[{\"added\": {}}]"}}, {"model": "admin.logentry", "pk": 88, "fields": {"action_time": "2025-06-21T06:44:15.198Z", "user": 1, "content_type": 2, "object_id": "57", "object_repr": "Muhammad Rasydi Musyarrafi", "action_flag": 1, "change_message": "[{\"added\": {}}]"}}, {"model": "admin.logentry", "pk": 89, "fields": {"action_time": "2025-06-21T06:44:24.175Z", "user": 1, "content_type": 2, "object_id": "58", "object_repr": "Muhammad Rizki Taftazani", "action_flag": 1, "change_message": "[{\"added\": {}}]"}}, {"model": "admin.logentry", "pk": 90, "fields": {"action_time": "2025-06-21T06:44:31.702Z", "user": 1, "content_type": 2, "object_id": "59", "object_repr": "Muhammad Vavian Al Jeveir", "action_flag": 1, "change_message": "[{\"added\": {}}]"}}, {"model": "admin.logentry", "pk": 91, "fields": {"action_time": "2025-06-21T06:44:40.336Z", "user": 1, "content_type": 2, "object_id": "60", "object_repr": "Mukhammad Alawi", "action_flag": 1, "change_message": "[{\"added\": {}}]"}}, {"model": "admin.logentry", "pk": 92, "fields": {"action_time": "2025-06-21T06:44:52.908Z", "user": 1, "content_type": 2, "object_id": "61", "object_repr": "Naofal Dimas Saputra", "action_flag": 1, "change_message": "[{\"added\": {}}]"}}, {"model": "admin.logentry", "pk": 93, "fields": {"action_time": "2025-06-21T06:45:02.217Z", "user": 1, "content_type": 2, "object_id": "62", "object_repr": "Panji Al Anwar", "action_flag": 1, "change_message": "[{\"added\": {}}]"}}, {"model": "admin.logentry", "pk": 94, "fields": {"action_time": "2025-06-21T06:45:11.243Z", "user": 1, "content_type": 2, "object_id": "63", "object_repr": "Raihan Rinaldi", "action_flag": 1, "change_message": "[{\"added\": {}}]"}}, {"model": "admin.logentry", "pk": 95, "fields": {"action_time": "2025-06-21T06:45:19.528Z", "user": 1, "content_type": 2, "object_id": "64", "object_repr": "Ridwan Maulana", "action_flag": 1, "change_message": "[{\"added\": {}}]"}}, {"model": "admin.logentry", "pk": 96, "fields": {"action_time": "2025-06-21T06:45:27.189Z", "user": 1, "content_type": 2, "object_id": "65", "object_repr": "Rijal Ainul Yaqin", "action_flag": 1, "change_message": "[{\"added\": {}}]"}}, {"model": "admin.logentry", "pk": 97, "fields": {"action_time": "2025-06-21T06:45:35.891Z", "user": 1, "content_type": 2, "object_id": "66", "object_repr": "Rizky Afdrian Zafir", "action_flag": 1, "change_message": "[{\"added\": {}}]"}}, {"model": "admin.logentry", "pk": 98, "fields": {"action_time": "2025-06-21T06:45:44.664Z", "user": 1, "content_type": 2, "object_id": "67", "object_repr": "Rizky Febian", "action_flag": 1, "change_message": "[{\"added\": {}}]"}}, {"model": "admin.logentry", "pk": 99, "fields": {"action_time": "2025-06-21T06:45:51.429Z", "user": 1, "content_type": 2, "object_id": "68", "object_repr": "Rizkyka Indrawan Pasaribu", "action_flag": 1, "change_message": "[{\"added\": {}}]"}}, {"model": "admin.logentry", "pk": 100, "fields": {"action_time": "2025-06-21T06:46:02.359Z", "user": 1, "content_type": 2, "object_id": "69", "object_repr": "Sabiq Izzun Rahmatdhani", "action_flag": 1, "change_message": "[{\"added\": {}}]"}}, {"model": "admin.logentry", "pk": 101, "fields": {"action_time": "2025-06-21T06:46:12.062Z", "user": 1, "content_type": 2, "object_id": "70", "object_repr": "Satria Suteja", "action_flag": 1, "change_message": "[{\"added\": {}}]"}}, {"model": "admin.logentry", "pk": 102, "fields": {"action_time": "2025-06-21T06:46:26.692Z", "user": 1, "content_type": 2, "object_id": "71", "object_repr": "Silmi Aziz", "action_flag": 1, "change_message": "[{\"added\": {}}]"}}, {"model": "admin.logentry", "pk": 103, "fields": {"action_time": "2025-06-21T06:46:34.741Z", "user": 1, "content_type": 2, "object_id": "72", "object_repr": "Subhan Zeda Manzilana", "action_flag": 1, "change_message": "[{\"added\": {}}]"}}, {"model": "admin.logentry", "pk": 104, "fields": {"action_time": "2025-06-21T06:46:41.571Z", "user": 1, "content_type": 2, "object_id": "73", "object_repr": "Tsabit Fahmil Huda", "action_flag": 1, "change_message": "[{\"added\": {}}]"}}, {"model": "admin.logentry", "pk": 105, "fields": {"action_time": "2025-06-21T06:46:49.477Z", "user": 1, "content_type": 2, "object_id": "74", "object_repr": "Ubaidi Nurrohman", "action_flag": 1, "change_message": "[{\"added\": {}}]"}}, {"model": "admin.logentry", "pk": 106, "fields": {"action_time": "2025-06-21T06:46:57.218Z", "user": 1, "content_type": 2, "object_id": "75", "object_repr": "Muhammad Robit Syarif", "action_flag": 1, "change_message": "[{\"added\": {}}]"}}, {"model": "admin.logentry", "pk": 107, "fields": {"action_time": "2025-06-21T06:47:05.950Z", "user": 1, "content_type": 2, "object_id": "76", "object_repr": "Ahmad Damanhuri", "action_flag": 1, "change_message": "[{\"added\": {}}]"}}, {"model": "admin.logentry", "pk": 108, "fields": {"action_time": "2025-06-21T06:47:13.719Z", "user": 1, "content_type": 2, "object_id": "77", "object_repr": "Deno Ridhenoka", "action_flag": 1, "change_message": "[{\"added\": {}}]"}}, {"model": "admin.logentry", "pk": 109, "fields": {"action_time": "2025-06-21T06:47:25.749Z", "user": 1, "content_type": 2, "object_id": "78", "object_repr": "Maulana Dzaky Ammar", "action_flag": 1, "change_message": "[{\"added\": {}}]"}}, {"model": "admin.logentry", "pk": 110, "fields": {"action_time": "2025-06-21T06:47:34.535Z", "user": 1, "content_type": 2, "object_id": "79", "object_repr": "Sayid Ahmad Mubarok Noor Insan", "action_flag": 1, "change_message": "[{\"added\": {}}]"}}, {"model": "admin.logentry", "pk": 111, "fields": {"action_time": "2025-06-21T06:47:45.833Z", "user": 1, "content_type": 2, "object_id": "80", "object_repr": "M. Naufal Amrulloh", "action_flag": 1, "change_message": "[{\"added\": {}}]"}}, {"model": "admin.logentry", "pk": 112, "fields": {"action_time": "2025-06-21T06:47:54.585Z", "user": 1, "content_type": 2, "object_id": "81", "object_repr": "Sabilar Rosyad", "action_flag": 1, "change_message": "[{\"added\": {}}]"}}, {"model": "admin.logentry", "pk": 113, "fields": {"action_time": "2025-06-21T06:48:01.507Z", "user": 1, "content_type": 2, "object_id": "82", "object_repr": "Mohammad Azril Aulia", "action_flag": 1, "change_message": "[{\"added\": {}}]"}}, {"model": "admin.logentry", "pk": 114, "fields": {"action_time": "2025-06-21T06:48:08.539Z", "user": 1, "content_type": 2, "object_id": "83", "object_repr": "Miftah Farid Abdul Rosyd", "action_flag": 1, "change_message": "[{\"added\": {}}]"}}, {"model": "admin.logentry", "pk": 115, "fields": {"action_time": "2025-06-21T06:48:16.075Z", "user": 1, "content_type": 2, "object_id": "84", "object_repr": "Anggara Saputra", "action_flag": 1, "change_message": "[{\"added\": {}}]"}}, {"model": "admin.logentry", "pk": 116, "fields": {"action_time": "2025-06-21T06:48:24.117Z", "user": 1, "content_type": 2, "object_id": "85", "object_repr": "Khashiful Hisyam Al-Athoo", "action_flag": 1, "change_message": "[{\"added\": {}}]"}}, {"model": "admin.logentry", "pk": 117, "fields": {"action_time": "2025-06-21T06:48:32.019Z", "user": 1, "content_type": 2, "object_id": "86", "object_repr": "Wildan Muhammad Rahmatulloh", "action_flag": 1, "change_message": "[{\"added\": {}}]"}}, {"model": "admin.logentry", "pk": 118, "fields": {"action_time": "2025-06-21T06:49:19.975Z", "user": 1, "content_type": 2, "object_id": "2", "object_repr": "zzz tester", "action_flag": 2, "change_message": "[{\"changed\": {\"fields\": [\"Nama lengkap\"]}}]"}}, {"model": "admin.logentry", "pk": 119, "fields": {"action_time": "2025-06-21T06:49:59.587Z", "user": 1, "content_type": 4, "object_id": "8", "object_repr": "Abdul Azis Mugni - Fathul Muin 1 (Lulus)", "action_flag": 1, "change_message": "[{\"added\": {}}]"}}, {"model": "admin.logentry", "pk": 120, "fields": {"action_time": "2025-06-21T07:29:29.400Z", "user": 1, "content_type": 3, "object_id": "1", "object_repr": "Ahlaq Mulia 1", "action_flag": 2, "change_message": "[{\"changed\": {\"fields\": [\"Nama SKS/Kitab\"]}}]"}}, {"model": "admin.logentry", "pk": 121, "fields": {"action_time": "2025-06-21T07:29:42.644Z", "user": 1, "content_type": 3, "object_id": "9", "object_repr": "Adabun Nabawi 1", "action_flag": 2, "change_message": "[{\"changed\": {\"fields\": [\"Nama SKS/Kitab\", \"Fan\"]}}]"}}, {"model": "admin.logentry", "pk": 122, "fields": {"action_time": "2025-06-21T07:29:52.485Z", "user": 1, "content_type": 3, "object_id": "11", "object_repr": "Adabun Nabawi 2", "action_flag": 1, "change_message": "[{\"added\": {}}]"}}, {"model": "admin.logentry", "pk": 123, "fields": {"action_time": "2025-06-21T07:30:39.687Z", "user": 1, "content_type": 3, "object_id": "12", "object_repr": "Fathul Ajib 1", "action_flag": 1, "change_message": "[{\"added\": {}}]"}}, {"model": "admin.logentry", "pk": 124, "fields": {"action_time": "2025-06-21T07:30:54.487Z", "user": 1, "content_type": 3, "object_id": "13", "object_repr": "Fiqhun Nisa", "action_flag": 1, "change_message": "[{\"added\": {}}]"}}, {"model": "admin.logentry", "pk": 125, "fields": {"action_time": "2025-06-21T07:31:04.100Z", "user": 1, "content_type": 3, "object_id": "14", "object_repr": "Hubbun Nabi", "action_flag": 1, "change_message": "[{\"added\": {}}]"}}, {"model": "admin.logentry", "pk": 126, "fields": {"action_time": "2025-06-21T07:31:25.060Z", "user": 1, "content_type": 3, "object_id": "15", "object_repr": "Hadis Arbain Nabawi", "action_flag": 1, "change_message": "[{\"added\": {}}]"}}, {"model": "admin.logentry", "pk": 127, "fields": {"action_time": "2025-06-21T07:31:33.180Z", "user": 1, "content_type": 3, "object_id": "16", "object_repr": "Kailani", "action_flag": 1, "change_message": "[{\"added\": {}}]"}}, {"model": "admin.logentry", "pk": 128, "fields": {"action_time": "2025-06-21T07:31:48.978Z", "user": 1, "content_type": 3, "object_id": "17", "object_repr": "Qowaidul I'lal", "action_flag": 1, "change_message": "[{\"added\": {}}]"}}, {"model": "admin.logentry", "pk": 129, "fields": {"action_time": "2025-06-21T07:32:02.959Z", "user": 1, "content_type": 3, "object_id": "18", "object_repr": "Kifayatul Awwam", "action_flag": 1, "change_message": "[{\"added\": {}}]"}}, {"model": "admin.logentry", "pk": 130, "fields": {"action_time": "2025-06-21T07:32:11.954Z", "user": 1, "content_type": 3, "object_id": "19", "object_repr": "Al-Fadoil", "action_flag": 1, "change_message": "[{\"added\": {}}]"}}, {"model": "admin.logentry", "pk": 131, "fields": {"action_time": "2025-06-21T07:32:28.422Z", "user": 1, "content_type": 3, "object_id": "20", "object_repr": "Alfiyyah Ibnu Aqil 1", "action_flag": 1, "change_message": "[{\"added\": {}}]"}}, {"model": "admin.logentry", "pk": 132, "fields": {"action_time": "2025-06-21T07:32:38.534Z", "user": 1, "content_type": 3, "object_id": "21", "object_repr": "Alfiyyah Ibnu Aqil 2", "action_flag": 1, "change_message": "[{\"added\": {}}]"}}, {"model": "admin.logentry", "pk": 133, "fields": {"action_time": "2025-06-21T07:32:50.226Z", "user": 1, "content_type": 3, "object_id": "22", "object_repr": "Alfiyyah Ibnu Aqil 3", "action_flag": 1, "change_message": "[{\"added\": {}}]"}}, {"model": "admin.logentry", "pk": 134, "fields": {"action_time": "2025-06-21T07:32:53.790Z", "user": 1, "content_type": 3, "object_id": "22", "object_repr": "Alfiyyah Ibnu Aqil 3", "action_flag": 2, "change_message": "[{\"changed\": {\"fields\": [\"Fan\"]}}]"}}, {"model": "admin.logentry", "pk": 135, "fields": {"action_time": "2025-06-21T07:32:56.766Z", "user": 1, "content_type": 3, "object_id": "21", "object_repr": "Alfiyyah Ibnu Aqil 2", "action_flag": 2, "change_message": "[]"}}, {"model": "admin.logentry", "pk": 136, "fields": {"action_time": "2025-06-21T07:33:12.776Z", "user": 1, "content_type": 3, "object_id": "23", "object_repr": "Munaqosyah Fathul Muin", "action_flag": 1, "change_message": "[{\"added\": {}}]"}}, {"model": "admin.logentry", "pk": 137, "fields": {"action_time": "2025-06-21T07:33:42.711Z", "user": 1, "content_type": 3, "object_id": "4", "object_repr": "Fathul Muin 2", "action_flag": 2, "change_message": "[{\"changed\": {\"fields\": [\"Fan\"]}}]"}}, {"model": "admin.logentry", "pk": 138, "fields": {"action_time": "2025-06-21T07:34:07.504Z", "user": 1, "content_type": 4, "object_id": "9", "object_repr": "Abib Hasan Al-habsyi - Munaqosyah Fathul Muin (Mengulang)", "action_flag": 1, "change_message": "[{\"added\": {}}]"}}, {"model": "admin.logentry", "pk": 139, "fields": {"action_time": "2025-06-21T07:37:35.321Z", "user": 1, "content_type": 3, "object_id": "24", "object_repr": "Fathul Ajib 2", "action_flag": 1, "change_message": "[{\"added\": {}}]"}}, {"model": "admin.logentry", "pk": 140, "fields": {"action_time": "2025-06-21T07:37:45.615Z", "user": 1, "content_type": 3, "object_id": "25", "object_repr": "Faroid", "action_flag": 1, "change_message": "[{\"added\": {}}]"}}, {"model": "admin.logentry", "pk": 141, "fields": {"action_time": "2025-06-21T07:38:04.540Z", "user": 1, "content_type": 3, "object_id": "26", "object_repr": "Mabadi' Awaliyyah 1", "action_flag": 1, "change_message": "[{\"added\": {}}]"}}, {"model": "admin.logentry", "pk": 142, "fields": {"action_time": "2025-06-21T07:38:22.066Z", "user": 1, "content_type": 3, "object_id": "27", "object_repr": "Mabadi' Awaliyyah 2", "action_flag": 1, "change_message": "[{\"added\": {}}]"}}, {"model": "admin.logentry", "pk": 143, "fields": {"action_time": "2025-06-21T07:38:34.620Z", "user": 1, "content_type": 3, "object_id": "28", "object_repr": "Qowaidul Hadis", "action_flag": 1, "change_message": "[{\"added\": {}}]"}}, {"model": "admin.logentry", "pk": 144, "fields": {"action_time": "2025-06-21T07:39:00.450Z", "user": 1, "content_type": 3, "object_id": "29", "object_repr": "Alfiyyah Ibnu Aqil 4", "action_flag": 1, "change_message": "[{\"added\": {}}]"}}, {"model": "admin.logentry", "pk": 145, "fields": {"action_time": "2025-06-21T07:39:11.512Z", "user": 1, "content_type": 3, "object_id": "30", "object_repr": "Alfiyyah Ibnu Aqil 5", "action_flag": 1, "change_message": "[{\"added\": {}}]"}}, {"model": "admin.logentry", "pk": 146, "fields": {"action_time": "2025-06-21T07:39:38.589Z", "user": 1, "content_type": 3, "object_id": "31", "object_repr": "Alfiyyah Ibnu Aqil 6", "action_flag": 1, "change_message": "[{\"added\": {}}]"}}, {"model": "admin.logentry", "pk": 147, "fields": {"action_time": "2025-06-21T07:39:52.380Z", "user": 1, "content_type": 3, "object_id": "32", "object_repr": "Munaqosyah Fathul Muin 2", "action_flag": 1, "change_message": "[{\"added\": {}}]"}}, {"model": "admin.logentry", "pk": 148, "fields": {"action_time": "2025-06-21T07:40:00.868Z", "user": 1, "content_type": 3, "object_id": "33", "object_repr": "Munaqosyah Fathul Muin 3", "action_flag": 1, "change_message": "[{\"added\": {}}]"}}, {"model": "admin.logentry", "pk": 149, "fields": {"action_time": "2025-06-21T07:40:16.974Z", "user": 1, "content_type": 3, "object_id": "6", "object_repr": "Fathul Muin 4", "action_flag": 2, "change_message": "[{\"changed\": {\"fields\": [\"Fan\"]}}]"}}, {"model": "admin.logentry", "pk": 150, "fields": {"action_time": "2025-06-21T07:40:25.378Z", "user": 1, "content_type": 3, "object_id": "23", "object_repr": "Munaqosyah Fathul Muin 1", "action_flag": 2, "change_message": "[{\"changed\": {\"fields\": [\"Nama SKS/Kitab\"]}}]"}}, {"model": "admin.logentry", "pk": 151, "fields": {"action_time": "2025-06-21T07:41:10.510Z", "user": 1, "content_type": 3, "object_id": "34", "object_repr": "Fathul Ajib 3", "action_flag": 1, "change_message": "[{\"added\": {}}]"}}, {"model": "admin.logentry", "pk": 152, "fields": {"action_time": "2025-06-21T07:41:19.356Z", "user": 1, "content_type": 3, "object_id": "35", "object_repr": "Falak", "action_flag": 1, "change_message": "[{\"added\": {}}]"}}, {"model": "admin.logentry", "pk": 153, "fields": {"action_time": "2025-06-21T07:41:39.793Z", "user": 1, "content_type": 3, "object_id": "36", "object_repr": "Tafsir Al-Mubarok Surah Al-Fatihah", "action_flag": 1, "change_message": "[{\"added\": {}}]"}}, {"model": "admin.logentry", "pk": 154, "fields": {"action_time": "2025-06-21T07:41:52.479Z", "user": 1, "content_type": 3, "object_id": "37", "object_repr": "Husnus Syiaghoh", "action_flag": 1, "change_message": "[{\"added\": {}}]"}}, {"model": "admin.logentry", "pk": 155, "fields": {"action_time": "2025-06-21T07:42:07.887Z", "user": 1, "content_type": 3, "object_id": "38", "object_repr": "Sulam Munawwaroq", "action_flag": 1, "change_message": "[{\"added\": {}}]"}}, {"model": "admin.logentry", "pk": 156, "fields": {"action_time": "2025-06-21T07:42:20.289Z", "user": 1, "content_type": 3, "object_id": "39", "object_repr": "Qowaidul Qur'an", "action_flag": 1, "change_message": "[{\"added\": {}}]"}}, {"model": "admin.logentry", "pk": 157, "fields": {"action_time": "2025-06-21T07:42:32.146Z", "user": 1, "content_type": 3, "object_id": "40", "object_repr": "Alfiyyah Ibnu Aqil 7", "action_flag": 1, "change_message": "[{\"added\": {}}]"}}, {"model": "admin.logentry", "pk": 158, "fields": {"action_time": "2025-06-21T07:42:41.556Z", "user": 1, "content_type": 3, "object_id": "41", "object_repr": "Alfiyyah Ibnu Aqil 8", "action_flag": 1, "change_message": "[{\"added\": {}}]"}}, {"model": "admin.logentry", "pk": 159, "fields": {"action_time": "2025-06-21T07:42:50.229Z", "user": 1, "content_type": 3, "object_id": "42", "object_repr": "Alfiyyah Ibnu Aqil 9", "action_flag": 1, "change_message": "[{\"added\": {}}]"}}, {"model": "admin.logentry", "pk": 160, "fields": {"action_time": "2025-06-21T07:43:01.729Z", "user": 1, "content_type": 3, "object_id": "43", "object_repr": "Munaqosyah Fathul Muin 4", "action_flag": 1, "change_message": "[{\"added\": {}}]"}}, {"model": "admin.logentry", "pk": 161, "fields": {"action_time": "2025-06-21T07:43:10.526Z", "user": 1, "content_type": 3, "object_id": "44", "object_repr": "Munaqosyah Fathul Muin 5", "action_flag": 1, "change_message": "[{\"added\": {}}]"}}, {"model": "admin.logentry", "pk": 162, "fields": {"action_time": "2025-06-21T07:44:02.666Z", "user": 1, "content_type": 3, "object_id": "8", "object_repr": "Fathul Muin 6", "action_flag": 3, "change_message": ""}}, {"model": "admin.logentry", "pk": 163, "fields": {"action_time": "2025-06-21T07:44:40.551Z", "user": 1, "content_type": 3, "object_id": "10", "object_repr": "Kitab Sholat", "action_flag": 2, "change_message": "[{\"changed\": {\"fields\": [\"Nama SKS/Kitab\"]}}]"}}, {"model": "admin.logentry", "pk": 164, "fields": {"action_time": "2025-06-21T07:44:54.912Z", "user": 1, "content_type": 3, "object_id": "45", "object_repr": "Adabun Nabawi 3", "action_flag": 1, "change_message": "[{\"added\": {}}]"}}, {"model": "admin.logentry", "pk": 165, "fields": {"action_time": "2025-06-21T07:45:04.036Z", "user": 1, "content_type": 3, "object_id": "46", "object_repr": "Adabun Nabawi 4", "action_flag": 1, "change_message": "[{\"added\": {}}]"}}, {"model": "admin.logentry", "pk": 166, "fields": {"action_time": "2025-06-21T07:45:16.604Z", "user": 1, "content_type": 3, "object_id": "47", "object_repr": "Ahlaq Mulia 2", "action_flag": 1, "change_message": "[{\"added\": {}}]"}}, {"model": "admin.logentry", "pk": 167, "fields": {"action_time": "2025-06-21T07:45:27.434Z", "user": 1, "content_type": 3, "object_id": "48", "object_repr": "Kitab Niat 2", "action_flag": 1, "change_message": "[{\"added\": {}}]"}}, {"model": "admin.logentry", "pk": 168, "fields": {"action_time": "2025-06-21T17:51:00.216Z", "user": 1, "content_type": 2, "object_id": "1", "object_repr": "Abdul Azis Mugni", "action_flag": 2, "change_message": "[{\"changed\": {\"fields\": [\"Status\"]}}]"}}, {"model": "admin.logentry", "pk": 169, "fields": {"action_time": "2025-06-21T17:54:53.673Z", "user": 1, "content_type": 2, "object_id": "1", "object_repr": "Abdul Azis Mugni", "action_flag": 2, "change_message": "[{\"changed\": {\"fields\": [\"Status\"]}}]"}}, {"model": "admin.logentry", "pk": 170, "fields": {"action_time": "2025-06-21T17:55:27.409Z", "user": 1, "content_type": 4, "object_id": "10", "object_repr": "Abdul Azis Mugni - Adabun Nabawi 1 (Lulus)", "action_flag": 1, "change_message": "[{\"added\": {}}]"}}, {"model": "admin.logentry", "pk": 171, "fields": {"action_time": "2025-06-21T17:55:49.312Z", "user": 1, "content_type": 4, "object_id": "11", "object_repr": "Abdul Azis Mugni - Adabun Nabawi 2 (Lulus)", "action_flag": 1, "change_message": "[{\"added\": {}}]"}}, {"model": "admin.logentry", "pk": 172, "fields": {"action_time": "2025-06-21T18:06:42.549Z", "user": 1, "content_type": 4, "object_id": "12", "object_repr": "zzz tester - Munaqosyah Fathul Muin 5 (Lulus)", "action_flag": 1, "change_message": "[{\"added\": {}}]"}}, {"model": "admin.logentry", "pk": 173, "fields": {"action_time": "2025-06-21T18:17:14.277Z", "user": 1, "content_type": 1, "object_id": "5", "object_repr": "Ahlaq 2", "action_flag": 2, "change_message": "[]"}}, {"model": "admin.logentry", "pk": 174, "fields": {"action_time": "2025-06-21T18:17:27.057Z", "user": 1, "content_type": 1, "object_id": "4", "object_repr": "Munakahat", "action_flag": 2, "change_message": "[{\"changed\": {\"fields\": [\"Target durasi hari\"]}}]"}}, {"model": "admin.logentry", "pk": 175, "fields": {"action_time": "2025-06-21T18:17:38.787Z", "user": 1, "content_type": 1, "object_id": "3", "object_repr": "Ubudiyyah", "action_flag": 2, "change_message": "[{\"changed\": {\"fields\": [\"Target durasi hari\"]}}]"}}, {"model": "admin.logentry", "pk": 176, "fields": {"action_time": "2025-06-21T18:17:43.528Z", "user": 1, "content_type": 1, "object_id": "3", "object_repr": "Ubudiyyah", "action_flag": 2, "change_message": "[]"}}, {"model": "admin.logentry", "pk": 177, "fields": {"action_time": "2025-06-21T18:17:49.024Z", "user": 1, "content_type": 1, "object_id": "2", "object_repr": "Thoharoh", "action_flag": 2, "change_message": "[{\"changed\": {\"fields\": [\"Target durasi hari\"]}}]"}}, {"model": "admin.logentry", "pk": 178, "fields": {"action_time": "2025-06-21T18:17:55.788Z", "user": 1, "content_type": 1, "object_id": "1", "object_repr": "Ahlaq 1", "action_flag": 2, "change_message": "[]"}}, {"model": "admin.logentry", "pk": 179, "fields": {"action_time": "2025-06-21T18:18:19.608Z", "user": 1, "content_type": 4, "object_id": "13", "object_repr": "zzz tester - Adabun Nabawi 1 (Lulus)", "action_flag": 1, "change_message": "[{\"added\": {}}]"}}, {"model": "admin.logentry", "pk": 180, "fields": {"action_time": "2025-06-21T18:18:30.724Z", "user": 1, "content_type": 4, "object_id": "14", "object_repr": "zzz tester - Adabun Nabawi 2 (Lulus)", "action_flag": 1, "change_message": "[{\"added\": {}}]"}}, {"model": "admin.logentry", "pk": 181, "fields": {"action_time": "2025-06-21T18:18:52.017Z", "user": 1, "content_type": 4, "object_id": "15", "object_repr": "zzz tester - Fathul Muin 1 (Lulus)", "action_flag": 1, "change_message": "[{\"added\": {}}]"}}, {"model": "admin.logentry", "pk": 182, "fields": {"action_time": "2025-06-21T18:19:02.781Z", "user": 1, "content_type": 4, "object_id": "16", "object_repr": "zzz tester - Fathul Muin 2 (Lulus)", "action_flag": 1, "change_message": "[{\"added\": {}}]"}}, {"model": "admin.logentry", "pk": 183, "fields": {"action_time": "2025-06-21T18:19:12.945Z", "user": 1, "content_type": 4, "object_id": "17", "object_repr": "zzz tester - Fathul Muin 3 (Lulus)", "action_flag": 1, "change_message": "[{\"added\": {}}]"}}, {"model": "admin.logentry", "pk": 184, "fields": {"action_time": "2025-06-21T18:19:34.492Z", "user": 1, "content_type": 4, "object_id": "18", "object_repr": "zzz tester - Fathul Muin 4 (Lulus)", "action_flag": 1, "change_message": "[{\"added\": {}}]"}}, {"model": "admin.logentry", "pk": 185, "fields": {"action_time": "2025-06-21T18:19:49.763Z", "user": 1, "content_type": 4, "object_id": "19", "object_repr": "zzz tester - Fathul Ajib 1 (Lulus)", "action_flag": 1, "change_message": "[{\"added\": {}}]"}}, {"model": "admin.logentry", "pk": 186, "fields": {"action_time": "2025-06-21T18:19:59.264Z", "user": 1, "content_type": 4, "object_id": "20", "object_repr": "zzz tester - Fiqhun Nisa (Lulus)", "action_flag": 1, "change_message": "[{\"added\": {}}]"}}, {"model": "admin.logentry", "pk": 187, "fields": {"action_time": "2025-06-21T18:20:09.846Z", "user": 1, "content_type": 4, "object_id": "21", "object_repr": "zzz tester - Hubbun Nabi (Lulus)", "action_flag": 1, "change_message": "[{\"added\": {}}]"}}, {"model": "admin.logentry", "pk": 188, "fields": {"action_time": "2025-06-21T18:20:17.226Z", "user": 1, "content_type": 4, "object_id": "22", "object_repr": "zzz tester - Hubbun Nabi (Lulus)", "action_flag": 1, "change_message": "[{\"added\": {}}]"}}, {"model": "admin.logentry", "pk": 189, "fields": {"action_time": "2025-06-21T18:20:44.527Z", "user": 1, "content_type": 4, "object_id": "23", "object_repr": "zzz tester - Kailani (Lulus)", "action_flag": 1, "change_message": "[{\"added\": {}}]"}}, {"model": "admin.logentry", "pk": 190, "fields": {"action_time": "2025-06-21T18:20:54.526Z", "user": 1, "content_type": 4, "object_id": "24", "object_repr": "zzz tester - Hadis Arbain Nabawi (Lulus)", "action_flag": 1, "change_message": "[{\"added\": {}}]"}}, {"model": "admin.logentry", "pk": 191, "fields": {"action_time": "2025-06-21T18:21:09.996Z", "user": 1, "content_type": 4, "object_id": "25", "object_repr": "zzz tester - Al-Fadoil (Lulus)", "action_flag": 1, "change_message": "[{\"added\": {}}]"}}, {"model": "admin.logentry", "pk": 192, "fields": {"action_time": "2025-06-21T18:21:34.728Z", "user": 1, "content_type": 4, "object_id": "26", "object_repr": "zzz tester - Qowaidul I'lal (Lulus)", "action_flag": 1, "change_message": "[{\"added\": {}}]"}}, {"model": "admin.logentry", "pk": 193, "fields": {"action_time": "2025-06-21T18:21:45.332Z", "user": 1, "content_type": 4, "object_id": "27", "object_repr": "zzz tester - Kifayatul Awwam (Lulus)", "action_flag": 1, "change_message": "[{\"added\": {}}]"}}, {"model": "admin.logentry", "pk": 194, "fields": {"action_time": "2025-06-21T18:22:02.871Z", "user": 1, "content_type": 4, "object_id": "28", "object_repr": "zzz tester - Alfiyyah Ibnu Aqil 1 (Lulus)", "action_flag": 1, "change_message": "[{\"added\": {}}]"}}, {"model": "admin.logentry", "pk": 195, "fields": {"action_time": "2025-06-21T18:22:17.500Z", "user": 1, "content_type": 4, "object_id": "29", "object_repr": "zzz tester - Alfiyyah Ibnu Aqil 2 (Lulus)", "action_flag": 1, "change_message": "[{\"added\": {}}]"}}, {"model": "admin.logentry", "pk": 196, "fields": {"action_time": "2025-06-21T18:22:32.650Z", "user": 1, "content_type": 4, "object_id": "30", "object_repr": "zzz tester - Alfiyyah Ibnu Aqil 3 (Lulus)", "action_flag": 1, "change_message": "[{\"added\": {}}]"}}, {"model": "admin.logentry", "pk": 197, "fields": {"action_time": "2025-06-21T18:22:45.177Z", "user": 1, "content_type": 4, "object_id": "31", "object_repr": "zzz tester - Munaqosyah Fathul Muin 1 (Lulus)", "action_flag": 1, "change_message": "[{\"added\": {}}]"}}, {"model": "admin.logentry", "pk": 198, "fields": {"action_time": "2025-06-21T18:23:27.780Z", "user": 1, "content_type": 4, "object_id": "32", "object_repr": "zzz tester - Fathul Ajib 2 (Lulus)", "action_flag": 1, "change_message": "[{\"added\": {}}]"}}, {"model": "admin.logentry", "pk": 199, "fields": {"action_time": "2025-06-21T18:23:41.666Z", "user": 1, "content_type": 4, "object_id": "33", "object_repr": "zzz tester - Faroid (Lulus)", "action_flag": 1, "change_message": "[{\"added\": {}}]"}}, {"model": "admin.logentry", "pk": 200, "fields": {"action_time": "2025-06-21T18:23:53.845Z", "user": 1, "content_type": 4, "object_id": "34", "object_repr": "zzz tester - Mabadi' Awaliyyah 1 (Lulus)", "action_flag": 1, "change_message": "[{\"added\": {}}]"}}, {"model": "admin.logentry", "pk": 201, "fields": {"action_time": "2025-06-21T18:24:06.454Z", "user": 1, "content_type": 4, "object_id": "35", "object_repr": "zzz tester - Mabadi' Awaliyyah 2 (Lulus)", "action_flag": 1, "change_message": "[{\"added\": {}}]"}}, {"model": "admin.logentry", "pk": 202, "fields": {"action_time": "2025-06-21T18:24:21.309Z", "user": 1, "content_type": 4, "object_id": "36", "object_repr": "zzz tester - Qowaidul Hadis (Lulus)", "action_flag": 1, "change_message": "[{\"added\": {}}]"}}, {"model": "admin.logentry", "pk": 203, "fields": {"action_time": "2025-06-21T18:24:37.262Z", "user": 1, "content_type": 4, "object_id": "37", "object_repr": "zzz tester - Alfiyyah Ibnu Aqil 4 (Lulus)", "action_flag": 1, "change_message": "[{\"added\": {}}]"}}, {"model": "admin.logentry", "pk": 204, "fields": {"action_time": "2025-06-21T18:24:47.042Z", "user": 1, "content_type": 4, "object_id": "38", "object_repr": "zzz tester - Alfiyyah Ibnu Aqil 5 (Lulus)", "action_flag": 1, "change_message": "[{\"added\": {}}]"}}, {"model": "admin.logentry", "pk": 205, "fields": {"action_time": "2025-06-21T18:25:00.438Z", "user": 1, "content_type": 4, "object_id": "39", "object_repr": "zzz tester - Alfiyyah Ibnu Aqil 6 (Lulus)", "action_flag": 1, "change_message": "[{\"added\": {}}]"}}, {"model": "admin.logentry", "pk": 206, "fields": {"action_time": "2025-06-21T18:25:12.106Z", "user": 1, "content_type": 4, "object_id": "40", "object_repr": "zzz tester - Munaqosyah Fathul Muin 2 (Lulus)", "action_flag": 1, "change_message": "[{\"added\": {}}]"}}, {"model": "admin.logentry", "pk": 207, "fields": {"action_time": "2025-06-21T18:25:20.394Z", "user": 1, "content_type": 4, "object_id": "41", "object_repr": "zzz tester - Munaqosyah Fathul Muin 3 (Lulus)", "action_flag": 1, "change_message": "[{\"added\": {}}]"}}, {"model": "admin.logentry", "pk": 208, "fields": {"action_time": "2025-06-21T18:25:46.855Z", "user": 1, "content_type": 4, "object_id": "42", "object_repr": "zzz tester - Fathul Ajib 3 (Lulus)", "action_flag": 1, "change_message": "[{\"added\": {}}]"}}, {"model": "admin.logentry", "pk": 209, "fields": {"action_time": "2025-06-21T18:25:56.710Z", "user": 1, "content_type": 4, "object_id": "43", "object_repr": "zzz tester - Falak (Lulus)", "action_flag": 1, "change_message": "[{\"added\": {}}]"}}, {"model": "admin.logentry", "pk": 210, "fields": {"action_time": "2025-06-21T18:26:06.158Z", "user": 1, "content_type": 4, "object_id": "44", "object_repr": "zzz tester - Tafsir Al-Mubarok Surah Al-Fatihah (Lulus)", "action_flag": 1, "change_message": "[{\"added\": {}}]"}}, {"model": "admin.logentry", "pk": 211, "fields": {"action_time": "2025-06-21T18:26:17.673Z", "user": 1, "content_type": 4, "object_id": "45", "object_repr": "zzz tester - Husnus Syiaghoh (Lulus)", "action_flag": 1, "change_message": "[{\"added\": {}}]"}}, {"model": "admin.logentry", "pk": 212, "fields": {"action_time": "2025-06-21T18:26:27.989Z", "user": 1, "content_type": 4, "object_id": "46", "object_repr": "zzz tester - Sulam Munawwaroq (Lulus)", "action_flag": 1, "change_message": "[{\"added\": {}}]"}}, {"model": "admin.logentry", "pk": 213, "fields": {"action_time": "2025-06-21T18:26:40.325Z", "user": 1, "content_type": 4, "object_id": "47", "object_repr": "zzz tester - Qowaidul Qur'an (Lulus)", "action_flag": 1, "change_message": "[{\"added\": {}}]"}}, {"model": "admin.logentry", "pk": 214, "fields": {"action_time": "2025-06-21T18:26:49.019Z", "user": 1, "content_type": 4, "object_id": "48", "object_repr": "zzz tester - Alfiyyah Ibnu Aqil 7 (Lulus)", "action_flag": 1, "change_message": "[{\"added\": {}}]"}}, {"model": "admin.logentry", "pk": 215, "fields": {"action_time": "2025-06-21T18:26:59.059Z", "user": 1, "content_type": 4, "object_id": "49", "object_repr": "zzz tester - Alfiyyah Ibnu Aqil 8 (Lulus)", "action_flag": 1, "change_message": "[{\"added\": {}}]"}}, {"model": "admin.logentry", "pk": 216, "fields": {"action_time": "2025-06-21T18:27:08.922Z", "user": 1, "content_type": 4, "object_id": "50", "object_repr": "zzz tester - Alfiyyah Ibnu Aqil 9 (Lulus)", "action_flag": 1, "change_message": "[{\"added\": {}}]"}}, {"model": "admin.logentry", "pk": 217, "fields": {"action_time": "2025-06-21T18:27:26.607Z", "user": 1, "content_type": 4, "object_id": "51", "object_repr": "zzz tester - Alfiyyah Ibnu Aqil 9 (Lulus)", "action_flag": 1, "change_message": "[{\"added\": {}}]"}}, {"model": "admin.logentry", "pk": 218, "fields": {"action_time": "2025-06-21T18:27:35.522Z", "user": 1, "content_type": 4, "object_id": "52", "object_repr": "zzz tester - Munaqosyah Fathul Muin 5 (Lulus)", "action_flag": 1, "change_message": "[{\"added\": {}}]"}}, {"model": "admin.logentry", "pk": 219, "fields": {"action_time": "2025-06-21T18:27:54.798Z", "user": 1, "content_type": 4, "object_id": "53", "object_repr": "zzz tester - Munaqosyah Fathul Muin 4 (Lulus)", "action_flag": 1, "change_message": "[{\"added\": {}}]"}}, {"model": "admin.logentry", "pk": 220, "fields": {"action_time": "2025-06-21T18:28:07.332Z", "user": 1, "content_type": 4, "object_id": "54", "object_repr": "zzz tester - Alfiyyah Ibnu Aqil 4 (Lulus)", "action_flag": 1, "change_message": "[{\"added\": {}}]"}}, {"model": "admin.logentry", "pk": 221, "fields": {"action_time": "2025-06-21T18:28:23.967Z", "user": 1, "content_type": 4, "object_id": "55", "object_repr": "zzz tester - Fathul Muin 5 (Lulus)", "action_flag": 1, "change_message": "[{\"added\": {}}]"}}, {"model": "admin.logentry", "pk": 222, "fields": {"action_time": "2025-06-21T18:28:40.106Z", "user": 1, "content_type": 4, "object_id": "56", "object_repr": "zzz tester - Adabun Nabawi 3 (Lulus)", "action_flag": 1, "change_message": "[{\"added\": {}}]"}}, {"model": "admin.logentry", "pk": 223, "fields": {"action_time": "2025-06-21T18:28:51.152Z", "user": 1, "content_type": 4, "object_id": "57", "object_repr": "zzz tester - Adabun Nabawi 4 (Lulus)", "action_flag": 1, "change_message": "[{\"added\": {}}]"}}, {"model": "admin.logentry", "pk": 224, "fields": {"action_time": "2025-06-21T18:28:59.145Z", "user": 1, "content_type": 4, "object_id": "58", "object_repr": "zzz tester - Ahlaq Mulia 2 (Lulus)", "action_flag": 1, "change_message": "[{\"added\": {}}]"}}, {"model": "admin.logentry", "pk": 225, "fields": {"action_time": "2025-06-21T18:29:06.555Z", "user": 1, "content_type": 4, "object_id": "59", "object_repr": "zzz tester - Kitab Niat 2 (Lulus)", "action_flag": 1, "change_message": "[{\"added\": {}}]"}}, {"model": "admin.logentry", "pk": 226, "fields": {"action_time": "2025-06-21T18:29:20.677Z", "user": 1, "content_type": 4, "object_id": "60", "object_repr": "zzz tester - Kitab Sholat (Lulus)", "action_flag": 1, "change_message": "[{\"added\": {}}]"}}, {"model": "admin.logentry", "pk": 227, "fields": {"action_time": "2025-06-21T18:29:59.558Z", "user": 1, "content_type": 1, "object_id": "5", "object_repr": "Ahlaq 2", "action_flag": 2, "change_message": "[]"}}, {"model": "admin.logentry", "pk": 228, "fields": {"action_time": "2025-06-21T18:30:02.085Z", "user": 1, "content_type": 1, "object_id": "4", "object_repr": "Munakahat", "action_flag": 2, "change_message": "[]"}}, {"model": "admin.logentry", "pk": 229, "fields": {"action_time": "2025-06-21T18:35:40.399Z", "user": 1, "content_type": 4, "object_id": "15", "object_repr": "zzz tester - Fathul Muin 1 (Lulus)", "action_flag": 2, "change_message": "[{\"changed\": {\"fields\": [\"Tanggal tes\"]}}]"}}, {"model": "admin.logentry", "pk": 230, "fields": {"action_time": "2025-06-21T18:45:54.757Z", "user": 1, "content_type": 3, "object_id": "44", "object_repr": "Munaqosyah Fathul Muin 5", "action_flag": 2, "change_message": "[{\"changed\": {\"fields\": [\"Nilai minimal\"]}}]"}}, {"model": "admin.logentry", "pk": 231, "fields": {"action_time": "2025-06-21T18:45:54.758Z", "user": 1, "content_type": 3, "object_id": "43", "object_repr": "Munaqosyah Fathul Muin 4", "action_flag": 2, "change_message": "[{\"changed\": {\"fields\": [\"Nilai minimal\"]}}]"}}, {"model": "admin.logentry", "pk": 232, "fields": {"action_time": "2025-06-21T18:45:54.759Z", "user": 1, "content_type": 3, "object_id": "33", "object_repr": "Munaqosyah Fathul Muin 3", "action_flag": 2, "change_message": "[{\"changed\": {\"fields\": [\"Nilai minimal\"]}}]"}}, {"model": "admin.logentry", "pk": 233, "fields": {"action_time": "2025-06-21T18:45:54.759Z", "user": 1, "content_type": 3, "object_id": "32", "object_repr": "Munaqosyah Fathul Muin 2", "action_flag": 2, "change_message": "[{\"changed\": {\"fields\": [\"Nilai minimal\"]}}]"}}, {"model": "admin.logentry", "pk": 234, "fields": {"action_time": "2025-06-21T18:45:54.760Z", "user": 1, "content_type": 3, "object_id": "23", "object_repr": "Munaqosyah Fathul Muin 1", "action_flag": 2, "change_message": "[{\"changed\": {\"fields\": [\"Nilai minimal\"]}}]"}}, {"model": "admin.logentry", "pk": 235, "fields": {"action_time": "2025-06-21T18:46:10.827Z", "user": 1, "content_type": 4, "object_id": "31", "object_repr": "zzz tester - Munaqosyah Fathul Muin 1 (Mengulang)", "action_flag": 2, "change_message": "[{\"changed\": {\"fields\": [\"Nilai\"]}}]"}}, {"model": "admin.logentry", "pk": 236, "fields": {"action_time": "2025-06-21T18:47:00.950Z", "user": 1, "content_type": 4, "object_id": "8", "object_repr": "Abdul Azis Mugni - Fathul Muin 1 (Lulus)", "action_flag": 2, "change_message": "[]"}}, {"model": "admin.logentry", "pk": 237, "fields": {"action_time": "2025-06-21T18:47:07.485Z", "user": 1, "content_type": 4, "object_id": "2", "object_repr": "Abdul Azis Mugni - Fathul Muin 1 (Mengulang)", "action_flag": 2, "change_message": "[]"}}, {"model": "admin.logentry", "pk": 238, "fields": {"action_time": "2025-06-21T18:47:20.089Z", "user": 1, "content_type": 4, "object_id": "12", "object_repr": "zzz tester - Munaqosyah Fathul Muin 5 (Lulus)", "action_flag": 2, "change_message": "[]"}}, {"model": "admin.logentry", "pk": 239, "fields": {"action_time": "2025-06-21T18:47:35.377Z", "user": 1, "content_type": 4, "object_id": "31", "object_repr": "zzz tester - Munaqosyah Fathul Muin 1 (Mengulang)", "action_flag": 2, "change_message": "[{\"changed\": {\"fields\": [\"Nilai\"]}}]"}}, {"model": "admin.logentry", "pk": 240, "fields": {"action_time": "2025-06-21T18:49:38.027Z", "user": 1, "content_type": 4, "object_id": "61", "object_repr": "Abdul Azis Mugni - Munaqosyah Fathul Muin 1 (Mengulang)", "action_flag": 1, "change_message": "[{\"added\": {}}]"}}, {"model": "admin.logentry", "pk": 241, "fields": {"action_time": "2025-06-21T18:56:28.562Z", "user": 1, "content_type": 4, "object_id": "61", "object_repr": "RiwayatTes object (61)", "action_flag": 2, "change_message": "[]"}}, {"model": "admin.logentry", "pk": 242, "fields": {"action_time": "2025-06-21T19:20:15.049Z", "user": 1, "content_type": 4, "object_id": "62", "object_repr": "Ahmad Hazimul Fikri - Ahlaq Mulia 1 (Lulus)", "action_flag": 1, "change_message": "[{\"added\": {}}]"}}, {"model": "admin.logentry", "pk": 243, "fields": {"action_time": "2025-06-21T19:20:30.524Z", "user": 1, "content_type": 4, "object_id": "63", "object_repr": "Al-Mu'tashim Billah - Hadis Arbain Nabawi (Mengulang)", "action_flag": 1, "change_message": "[{\"added\": {}}]"}}, {"model": "admin.logentry", "pk": 244, "fields": {"action_time": "2025-06-21T20:44:55.973Z", "user": 1, "content_type": 2, "object_id": "2", "object_repr": "zzz tester", "action_flag": 2, "change_message": "[{\"changed\": {\"fields\": [\"Status\"]}}]"}}, {"model": "admin.logentry", "pk": 245, "fields": {"action_time": "2025-06-21T20:59:04.783Z", "user": 1, "content_type": 4, "object_id": "64", "object_repr": "Abib Hasan Al-habsyi - Alfiyyah Ibnu Aqil 4 (Lulus)", "action_flag": 1, "change_message": "[{\"added\": {}}]"}}, {"model": "admin.logentry", "pk": 246, "fields": {"action_time": "2025-06-22T06:41:00.987Z", "user": 1, "content_type": 2, "object_id": "1", "object_repr": "Abdul Azis Mugni", "action_flag": 2, "change_message": "[{\"changed\": {\"fields\": [\"Foto profil\"]}}]"}}, {"model": "admin.logentry", "pk": 247, "fields": {"action_time": "2025-06-22T08:12:36.167Z", "user": 1, "content_type": 2, "object_id": "1", "object_repr": "Abdul Azis Mugni", "action_flag": 2, "change_message": "[{\"changed\": {\"fields\": [\"Foto profil\"]}}]"}}, {"model": "admin.logentry", "pk": 248, "fields": {"action_time": "2025-06-22T09:02:51.654Z", "user": 1, "content_type": 4, "object_id": "65", "object_repr": "Asrori Adiba - Alfiyyah Ibnu Aqil 4 (Lulus)", "action_flag": 1, "change_message": "[{\"added\": {}}]"}}, {"model": "admin.logentry", "pk": 249, "fields": {"action_time": "2025-06-22T09:03:20.395Z", "user": 1, "content_type": 4, "object_id": "66", "object_repr": "Muhammad Nawwaf Arkan - Alfiyyah Ibnu Aqil 5 (Lulus)", "action_flag": 1, "change_message": "[{\"added\": {}}]"}}, {"model": "admin.logentry", "pk": 250, "fields": {"action_time": "2025-06-22T09:03:53.557Z", "user": 1, "content_type": 4, "object_id": "67", "object_repr": "Fakih Hakim - Alfiyyah Ibnu Aqil 6 (Lulus)", "action_flag": 1, "change_message": "[{\"added\": {}}]"}}, {"model": "admin.logentry", "pk": 251, "fields": {"action_time": "2025-06-22T09:04:35.750Z", "user": 1, "content_type": 4, "object_id": "68", "object_repr": "M. Faiz Hilmi - Fathul Ajib 2 (Lulus)", "action_flag": 1, "change_message": "[{\"added\": {}}]"}}, {"model": "admin.logentry", "pk": 252, "fields": {"action_time": "2025-06-22T09:04:46.954Z", "user": 1, "content_type": 4, "object_id": "68", "object_repr": "M. Faiz Hilmi - Fathul Ajib 2 (Lulus)", "action_flag": 2, "change_message": "[{\"changed\": {\"fields\": [\"Nilai\"]}}]"}}, {"model": "admin.logentry", "pk": 253, "fields": {"action_time": "2025-06-22T09:06:08.819Z", "user": 1, "content_type": 4, "object_id": "69", "object_repr": "Muhammad Lutfi Habibi - Fathul Ajib 2 (Lulus)", "action_flag": 1, "change_message": "[{\"added\": {}}]"}}, {"model": "admin.logentry", "pk": 254, "fields": {"action_time": "2025-06-22T09:06:34.790Z", "user": 1, "content_type": 4, "object_id": "70", "object_repr": "Muhammad Bintang Alfanero - Faroid (Lulus)", "action_flag": 1, "change_message": "[{\"added\": {}}]"}}, {"model": "admin.logentry", "pk": 255, "fields": {"action_time": "2025-06-22T09:07:04.296Z", "user": 1, "content_type": 4, "object_id": "71", "object_repr": "Hawari Anshorullah - Husnus Syiaghoh (Lulus)", "action_flag": 1, "change_message": "[{\"added\": {}}]"}}, {"model": "admin.logentry", "pk": 256, "fields": {"action_time": "2025-06-22T09:07:35.234Z", "user": 1, "content_type": 4, "object_id": "72", "object_repr": "M. Izzul Ubaidillah - Alfiyyah Ibnu Aqil 8 (Lulus)", "action_flag": 1, "change_message": "[{\"added\": {}}]"}}, {"model": "admin.logentry", "pk": 257, "fields": {"action_time": "2025-06-22T09:08:04.021Z", "user": 1, "content_type": 4, "object_id": "73", "object_repr": "M. Izzul Ubaidillah - Alfiyyah Ibnu Aqil 9 (Lulus)", "action_flag": 1, "change_message": "[{\"added\": {}}]"}}, {"model": "admin.logentry", "pk": 258, "fields": {"action_time": "2025-06-22T09:08:33.614Z", "user": 1, "content_type": 4, "object_id": "74", "object_repr": "Gilang Risky Aditya - Qowaidul Qur'an (Lulus)", "action_flag": 1, "change_message": "[{\"added\": {}}]"}}, {"model": "admin.logentry", "pk": 259, "fields": {"action_time": "2025-06-22T09:32:31.135Z", "user": 1, "content_type": 4, "object_id": "75", "object_repr": "Abdul Azis Mugni - Fathul Muin 2 (Mengulang)", "action_flag": 1, "change_message": "[{\"added\": {}}]"}}, {"model": "admin.logentry", "pk": 260, "fields": {"action_time": "2025-06-22T09:44:11.389Z", "user": 1, "content_type": 2, "object_id": "1", "object_repr": "(Pengurus) Abdul Azis Mugni", "action_flag": 2, "change_message": "[{\"changed\": {\"fields\": [\"Nama lengkap\"]}}]"}}, {"model": "admin.logentry", "pk": 261, "fields": {"action_time": "2025-06-22T09:44:33.732Z", "user": 1, "content_type": 2, "object_id": "86", "object_repr": "(Pengurus) Wildan Muhammad Rahmatulloh", "action_flag": 2, "change_message": "[{\"changed\": {\"fields\": [\"Nama lengkap\"]}}]"}}, {"model": "admin.logentry", "pk": 262, "fields": {"action_time": "2025-06-22T09:50:23.560Z", "user": 1, "content_type": 2, "object_id": "2", "object_repr": "zzz tester", "action_flag": 2, "change_message": "[{\"changed\": {\"fields\": [\"Status\"]}}]"}}, {"model": "auth.permission", "pk": 1, "fields": {"name": "Can add fan", "content_type": 1, "codename": "add_fan"}}, {"model": "auth.permission", "pk": 2, "fields": {"name": "Can change fan", "content_type": 1, "codename": "change_fan"}}, {"model": "auth.permission", "pk": 3, "fields": {"name": "Can delete fan", "content_type": 1, "codename": "delete_fan"}}, {"model": "auth.permission", "pk": 4, "fields": {"name": "Can view fan", "content_type": 1, "codename": "view_fan"}}, {"model": "auth.permission", "pk": 5, "fields": {"name": "Can add santri", "content_type": 2, "codename": "add_santri"}}, {"model": "auth.permission", "pk": 6, "fields": {"name": "Can change santri", "content_type": 2, "codename": "change_santri"}}, {"model": "auth.permission", "pk": 7, "fields": {"name": "Can delete santri", "content_type": 2, "codename": "delete_santri"}}, {"model": "auth.permission", "pk": 8, "fields": {"name": "Can view santri", "content_type": 2, "codename": "view_santri"}}, {"model": "auth.permission", "pk": 9, "fields": {"name": "Can add SKS", "content_type": 3, "codename": "add_sks"}}, {"model": "auth.permission", "pk": 10, "fields": {"name": "Can change SKS", "content_type": 3, "codename": "change_sks"}}, {"model": "auth.permission", "pk": 11, "fields": {"name": "Can delete SKS", "content_type": 3, "codename": "delete_sks"}}, {"model": "auth.permission", "pk": 12, "fields": {"name": "Can view SKS", "content_type": 3, "codename": "view_sks"}}, {"model": "auth.permission", "pk": 13, "fields": {"name": "Can add riwayat tes", "content_type": 4, "codename": "add_riwayattes"}}, {"model": "auth.permission", "pk": 14, "fields": {"name": "Can change riwayat tes", "content_type": 4, "codename": "change_riwayattes"}}, {"model": "auth.permission", "pk": 15, "fields": {"name": "Can delete riwayat tes", "content_type": 4, "codename": "delete_riwayattes"}}, {"model": "auth.permission", "pk": 16, "fields": {"name": "Can view riwayat tes", "content_type": 4, "codename": "view_riwayattes"}}, {"model": "auth.permission", "pk": 17, "fields": {"name": "Can add log entry", "content_type": 5, "codename": "add_logentry"}}, {"model": "auth.permission", "pk": 18, "fields": {"name": "Can change log entry", "content_type": 5, "codename": "change_logentry"}}, {"model": "auth.permission", "pk": 19, "fields": {"name": "Can delete log entry", "content_type": 5, "codename": "delete_logentry"}}, {"model": "auth.permission", "pk": 20, "fields": {"name": "Can view log entry", "content_type": 5, "codename": "view_logentry"}}, {"model": "auth.permission", "pk": 21, "fields": {"name": "Can add permission", "content_type": 6, "codename": "add_permission"}}, {"model": "auth.permission", "pk": 22, "fields": {"name": "Can change permission", "content_type": 6, "codename": "change_permission"}}, {"model": "auth.permission", "pk": 23, "fields": {"name": "Can delete permission", "content_type": 6, "codename": "delete_permission"}}, {"model": "auth.permission", "pk": 24, "fields": {"name": "Can view permission", "content_type": 6, "codename": "view_permission"}}, {"model": "auth.permission", "pk": 25, "fields": {"name": "Can add group", "content_type": 7, "codename": "add_group"}}, {"model": "auth.permission", "pk": 26, "fields": {"name": "Can change group", "content_type": 7, "codename": "change_group"}}, {"model": "auth.permission", "pk": 27, "fields": {"name": "Can delete group", "content_type": 7, "codename": "delete_group"}}, {"model": "auth.permission", "pk": 28, "fields": {"name": "Can view group", "content_type": 7, "codename": "view_group"}}, {"model": "auth.permission", "pk": 29, "fields": {"name": "Can add user", "content_type": 8, "codename": "add_user"}}, {"model": "auth.permission", "pk": 30, "fields": {"name": "Can change user", "content_type": 8, "codename": "change_user"}}, {"model": "auth.permission", "pk": 31, "fields": {"name": "Can delete user", "content_type": 8, "codename": "delete_user"}}, {"model": "auth.permission", "pk": 32, "fields": {"name": "Can view user", "content_type": 8, "codename": "view_user"}}, {"model": "auth.permission", "pk": 33, "fields": {"name": "Can add content type", "content_type": 9, "codename": "add_contenttype"}}, {"model": "auth.permission", "pk": 34, "fields": {"name": "Can change content type", "content_type": 9, "codename": "change_contenttype"}}, {"model": "auth.permission", "pk": 35, "fields": {"name": "Can delete content type", "content_type": 9, "codename": "delete_contenttype"}}, {"model": "auth.permission", "pk": 36, "fields": {"name": "Can view content type", "content_type": 9, "codename": "view_contenttype"}}, {"model": "auth.permission", "pk": 37, "fields": {"name": "Can add session", "content_type": 10, "codename": "add_session"}}, {"model": "auth.permission", "pk": 38, "fields": {"name": "Can change session", "content_type": 10, "codename": "change_session"}}, {"model": "auth.permission", "pk": 39, "fields": {"name": "Can delete session", "content_type": 10, "codename": "delete_session"}}, {"model": "auth.permission", "pk": 40, "fields": {"name": "Can view session", "content_type": 10, "codename": "view_session"}}, {"model": "auth.user", "pk": 1, "fields": {"password": "pbkdf2_sha256$1000000$UnffPAI62c41IsuvAgwPLd$/qXt3DPdFqGWyQ/5CLwgrA+4YGlPIUpfsoOXLiRRzmM=", "last_login": "2025-06-21T21:35:26.446Z", "is_superuser": true, "username": "admin", "first_name": "", "last_name": "", "email": "", "is_staff": true, "is_active": true, "date_joined": "2025-06-20T18:34:08.421Z", "groups": [], "user_permissions": []}}, {"model": "contenttypes.contenttype", "pk": 1, "fields": {"app_label": "core", "model": "fan"}}, {"model": "contenttypes.contenttype", "pk": 2, "fields": {"app_label": "core", "model": "santri"}}, {"model": "contenttypes.contenttype", "pk": 3, "fields": {"app_label": "core", "model": "sks"}}, {"model": "contenttypes.contenttype", "pk": 4, "fields": {"app_label": "core", "model": "riwayattes"}}, {"model": "contenttypes.contenttype", "pk": 5, "fields": {"app_label": "admin", "model": "logentry"}}, {"model": "contenttypes.contenttype", "pk": 6, "fields": {"app_label": "auth", "model": "permission"}}, {"model": "contenttypes.contenttype", "pk": 7, "fields": {"app_label": "auth", "model": "group"}}, {"model": "contenttypes.contenttype", "pk": 8, "fields": {"app_label": "auth", "model": "user"}}, {"model": "contenttypes.contenttype", "pk": 9, "fields": {"app_label": "contenttypes", "model": "contenttype"}}, {"model": "contenttypes.contenttype", "pk": 10, "fields": {"app_label": "sessions", "model": "session"}}, {"model": "sessions.session", "pk": "d47ap0zuymi8hq0rcmlgln5xdgxpm60s", "fields": {"session_data": ".eJxVjDsOwjAQBe_iGln2-htKes5g7XotHEC2FCcV4u4QKQW0b2beSyTc1pq2UZY0szgLLU6_G2F-lLYDvmO7dZl7W5eZ5K7Igw557Vyel8P9O6g46rf2PgBZIirowXi0qkTtrIsTxGyNZk0YMk7BOHY2IEBwHImVghABvHh_AMwhNtk:1uT5ry:_tjsAt4nACep28QF-WpEwdwX4Vq7zHKSZSzilZ05zZA", "expire_date": "2025-07-05T21:35:26.453Z"}}, {"model": "core.fan", "pk": 1, "fields": {"nama_fan": "Ahlaq 1", "deskripsi": "Mempelajari kitab-kitab abah yai", "urutan": 1, "target_durasi_hari": 30}}, {"model": "core.fan", "pk": 2, "fields": {"nama_fan": "Thoharoh", "deskripsi": "Tata cara Bersuci", "urutan": 2, "target_durasi_hari": 180}}, {"model": "core.fan", "pk": 3, "fields": {"nama_fan": "Ubudiyyah", "deskripsi": "Tatacara ibadah", "urutan": 3, "target_durasi_hari": 270}}, {"model": "core.fan", "pk": 4, "fields": {"nama_fan": "Munakahat", "deskripsi": "Hukum-hukum Seputar Pernikahan", "urutan": 4, "target_durasi_hari": 270}}, {"model": "core.fan", "pk": 5, "fields": {"nama_fan": "Ahlaq 2", "deskripsi": "Part 2", "urutan": 5, "target_durasi_hari": 30}}, {"model": "core.sks", "pk": 1, "fields": {"nama_sks": "Ahlaq Mulia 1", "fan": 1, "nilai_minimal": 90}}, {"model": "core.sks", "pk": 2, "fields": {"nama_sks": "Kitab Niat 1", "fan": 1, "nilai_minimal": 90}}, {"model": "core.sks", "pk": 3, "fields": {"nama_sks": "Fathul Muin 1", "fan": 2, "nilai_minimal": 90}}, {"model": "core.sks", "pk": 4, "fields": {"nama_sks": "Fathul Muin 2", "fan": 3, "nilai_minimal": 90}}, {"model": "core.sks", "pk": 5, "fields": {"nama_sks": "Fathul Muin 3", "fan": 3, "nilai_minimal": 90}}, {"model": "core.sks", "pk": 6, "fields": {"nama_sks": "Fathul Muin 4", "fan": 4, "nilai_minimal": 90}}, {"model": "core.sks", "pk": 7, "fields": {"nama_sks": "Fathul Muin 5", "fan": 4, "nilai_minimal": 90}}, {"model": "core.sks", "pk": 9, "fields": {"nama_sks": "Adabun Nabawi 1", "fan": 1, "nilai_minimal": 90}}, {"model": "core.sks", "pk": 10, "fields": {"nama_sks": "Kitab Sholat", "fan": 5, "nilai_minimal": 90}}, {"model": "core.sks", "pk": 11, "fields": {"nama_sks": "Adabun Nabawi 2", "fan": 1, "nilai_minimal": 90}}, {"model": "core.sks", "pk": 12, "fields": {"nama_sks": "Fathul Ajib 1", "fan": 2, "nilai_minimal": 90}}, {"model": "core.sks", "pk": 13, "fields": {"nama_sks": "Fiqhun Nisa", "fan": 2, "nilai_minimal": 90}}, {"model": "core.sks", "pk": 14, "fields": {"nama_sks": "Hubbun Nabi", "fan": 2, "nilai_minimal": 90}}, {"model": "core.sks", "pk": 15, "fields": {"nama_sks": "Hadis Arbain Nabawi", "fan": 2, "nilai_minimal": 90}}, {"model": "core.sks", "pk": 16, "fields": {"nama_sks": "Kailani", "fan": 2, "nilai_minimal": 90}}, {"model": "core.sks", "pk": 17, "fields": {"nama_sks": "Qowaidul I'lal", "fan": 2, "nilai_minimal": 90}}, {"model": "core.sks", "pk": 18, "fields": {"nama_sks": "Kifayatul Awwam", "fan": 2, "nilai_minimal": 90}}, {"model": "core.sks", "pk": 19, "fields": {"nama_sks": "Al-Fadoil", "fan": 2, "nilai_minimal": 90}}, {"model": "core.sks", "pk": 20, "fields": {"nama_sks": "Alfiyyah Ibnu Aqil 1", "fan": 2, "nilai_minimal": 90}}, {"model": "core.sks", "pk": 21, "fields": {"nama_sks": "Alfiyyah Ibnu Aqil 2", "fan": 2, "nilai_minimal": 90}}, {"model": "core.sks", "pk": 22, "fields": {"nama_sks": "Alfiyyah Ibnu Aqil 3", "fan": 2, "nilai_minimal": 90}}, {"model": "core.sks", "pk": 23, "fields": {"nama_sks": "Munaqosyah Fathul Muin 1", "fan": 2, "nilai_minimal": 70}}, {"model": "core.sks", "pk": 24, "fields": {"nama_sks": "Fathul Ajib 2", "fan": 3, "nilai_minimal": 90}}, {"model": "core.sks", "pk": 25, "fields": {"nama_sks": "Faroid", "fan": 3, "nilai_minimal": 90}}, {"model": "core.sks", "pk": 26, "fields": {"nama_sks": "Mabadi' Awaliyyah 1", "fan": 3, "nilai_minimal": 90}}, {"model": "core.sks", "pk": 27, "fields": {"nama_sks": "Mabadi' Awaliyyah 2", "fan": 3, "nilai_minimal": 90}}, {"model": "core.sks", "pk": 28, "fields": {"nama_sks": "Qowaidul Hadis", "fan": 3, "nilai_minimal": 90}}, {"model": "core.sks", "pk": 29, "fields": {"nama_sks": "Alfiyyah Ibnu Aqil 4", "fan": 3, "nilai_minimal": 90}}, {"model": "core.sks", "pk": 30, "fields": {"nama_sks": "Alfiyyah Ibnu Aqil 5", "fan": 3, "nilai_minimal": 90}}, {"model": "core.sks", "pk": 31, "fields": {"nama_sks": "Alfiyyah Ibnu Aqil 6", "fan": 3, "nilai_minimal": 90}}, {"model": "core.sks", "pk": 32, "fields": {"nama_sks": "Munaqosyah Fathul Muin 2", "fan": 3, "nilai_minimal": 70}}, {"model": "core.sks", "pk": 33, "fields": {"nama_sks": "Munaqosyah Fathul Muin 3", "fan": 3, "nilai_minimal": 70}}, {"model": "core.sks", "pk": 34, "fields": {"nama_sks": "Fathul Ajib 3", "fan": 4, "nilai_minimal": 90}}, {"model": "core.sks", "pk": 35, "fields": {"nama_sks": "Falak", "fan": 4, "nilai_minimal": 90}}, {"model": "core.sks", "pk": 36, "fields": {"nama_sks": "Tafsir Al-Mubarok Surah Al-Fatihah", "fan": 4, "nilai_minimal": 90}}, {"model": "core.sks", "pk": 37, "fields": {"nama_sks": "Husnus Syiaghoh", "fan": 4, "nilai_minimal": 90}}, {"model": "core.sks", "pk": 38, "fields": {"nama_sks": "Sulam Munawwaroq", "fan": 4, "nilai_minimal": 90}}, {"model": "core.sks", "pk": 39, "fields": {"nama_sks": "Qowaidul Qur'an", "fan": 4, "nilai_minimal": 90}}, {"model": "core.sks", "pk": 40, "fields": {"nama_sks": "Alfiyyah Ibnu Aqil 7", "fan": 4, "nilai_minimal": 90}}, {"model": "core.sks", "pk": 41, "fields": {"nama_sks": "Alfiyyah Ibnu Aqil 8", "fan": 4, "nilai_minimal": 90}}, {"model": "core.sks", "pk": 42, "fields": {"nama_sks": "Alfiyyah Ibnu Aqil 9", "fan": 4, "nilai_minimal": 90}}, {"model": "core.sks", "pk": 43, "fields": {"nama_sks": "Munaqosyah Fathul Muin 4", "fan": 4, "nilai_minimal": 70}}, {"model": "core.sks", "pk": 44, "fields": {"nama_sks": "Munaqosyah Fathul Muin 5", "fan": 4, "nilai_minimal": 70}}, {"model": "core.sks", "pk": 45, "fields": {"nama_sks": "Adabun Nabawi 3", "fan": 5, "nilai_minimal": 90}}, {"model": "core.sks", "pk": 46, "fields": {"nama_sks": "Adabun Nabawi 4", "fan": 5, "nilai_minimal": 90}}, {"model": "core.sks", "pk": 47, "fields": {"nama_sks": "Ahlaq Mulia 2", "fan": 5, "nilai_minimal": 90}}, {"model": "core.sks", "pk": 48, "fields": {"nama_sks": "Kitab Niat 2", "fan": 5, "nilai_minimal": 90}}, {"model": "core.santri", "pk": 1, "fields": {"nama_lengkap": "(Pengurus) Abdul Azis Mugni", "id_santri": "0002", "status": "Aktif", "foto_profil": "santri_photos/__.jpg"}}, {"model": "core.santri", "pk": 2, "fields": {"nama_lengkap": "zzz tester", "id_santri": "0001", "status": "Non-Aktif", "foto_profil": ""}}, {"model": "core.santri", "pk": 3, "fields": {"nama_lengkap": "Abdul Aziz Resyfian", "id_santri": "0004", "status": "Aktif", "foto_profil": ""}}, {"model": "core.santri", "pk": 4, "fields": {"nama_lengkap": "Abib Hasan Al-habsyi", "id_santri": "004", "status": "Aktif", "foto_profil": ""}}, {"model": "core.santri", "pk": 5, "fields": {"nama_lengkap": "Achmad Fachri Alfairuzzabadi", "id_santri": "005", "status": "Aktif", "foto_profil": ""}}, {"model": "core.santri", "pk": 6, "fields": {"nama_lengkap": "Afrigh Qolbany Ash Shuhufi", "id_santri": "006", "status": "Aktif", "foto_profil": ""}}, {"model": "core.santri", "pk": 7, "fields": {"nama_lengkap": "Ahmad Hazimul Fikri", "id_santri": "007", "status": "Aktif", "foto_profil": ""}}, {"model": "core.santri", "pk": 8, "fields": {"nama_lengkap": "Ahmad Multazam", "id_santri": "008", "status": "Aktif", "foto_profil": ""}}, {"model": "core.santri", "pk": 9, "fields": {"nama_lengkap": "Ahmad Panji Gumilang", "id_santri": "009", "status": "Aktif", "foto_profil": ""}}, {"model": "core.santri", "pk": 10, "fields": {"nama_lengkap": "Ahmad Rifqi Alhanin", "id_santri": "010", "status": "Aktif", "foto_profil": ""}}, {"model": "core.santri", "pk": 11, "fields": {"nama_lengkap": "Al-Mu'tashim Billah", "id_santri": "011", "status": "Aktif", "foto_profil": ""}}, {"model": "core.santri", "pk": 12, "fields": {"nama_lengkap": "Ammarun Fathin Arrojib", "id_santri": "012", "status": "Aktif", "foto_profil": ""}}, {"model": "core.santri", "pk": 13, "fields": {"nama_lengkap": "Andrean Mahesyah", "id_santri": "013", "status": "Aktif", "foto_profil": ""}}, {"model": "core.santri", "pk": 14, "fields": {"nama_lengkap": "Aqil Subhan Mubarok", "id_santri": "014", "status": "Aktif", "foto_profil": ""}}, {"model": "core.santri", "pk": 15, "fields": {"nama_lengkap": "Ardi Surahman", "id_santri": "015", "status": "Aktif", "foto_profil": ""}}, {"model": "core.santri", "pk": 16, "fields": {"nama_lengkap": "Asrori Adiba", "id_santri": "016", "status": "Aktif", "foto_profil": ""}}, {"model": "core.santri", "pk": 17, "fields": {"nama_lengkap": "Burhan Shofi", "id_santri": "017", "status": "Aktif", "foto_profil": ""}}, {"model": "core.santri", "pk": 18, "fields": {"nama_lengkap": "Fahri Fairuz Nabawi", "id_santri": "018", "status": "Aktif", "foto_profil": ""}}, {"model": "core.santri", "pk": 19, "fields": {"nama_lengkap": "Fahrul Ramdani", "id_santri": "019", "status": "Aktif", "foto_profil": ""}}, {"model": "core.santri", "pk": 20, "fields": {"nama_lengkap": "Fakih Hakim", "id_santri": "020", "status": "Aktif", "foto_profil": ""}}, {"model": "core.santri", "pk": 21, "fields": {"nama_lengkap": "Fikri Habli Hukma", "id_santri": "021", "status": "Aktif", "foto_profil": ""}}, {"model": "core.santri", "pk": 22, "fields": {"nama_lengkap": "Fikri Naufal", "id_santri": "022", "status": "Aktif", "foto_profil": ""}}, {"model": "core.santri", "pk": 23, "fields": {"nama_lengkap": "Gilang Risky Aditya", "id_santri": "023", "status": "Aktif", "foto_profil": ""}}, {"model": "core.santri", "pk": 24, "fields": {"nama_lengkap": "Habibi Ahmad Mujtaba", "id_santri": "024", "status": "Aktif", "foto_profil": ""}}, {"model": "core.santri", "pk": 25, "fields": {"nama_lengkap": "Hawari Anshorullah", "id_santri": "025", "status": "Aktif", "foto_profil": ""}}, {"model": "core.santri", "pk": 26, "fields": {"nama_lengkap": "Januar Robbani Faza", "id_santri": "026", "status": "Aktif", "foto_profil": ""}}, {"model": "core.santri", "pk": 27, "fields": {"nama_lengkap": "Lutfi Aziz Wahyudin", "id_santri": "027", "status": "Aktif", "foto_profil": ""}}, {"model": "core.santri", "pk": 28, "fields": {"nama_lengkap": "M Satria Sirojul Alam", "id_santri": "028", "status": "Aktif", "foto_profil": ""}}, {"model": "core.santri", "pk": 29, "fields": {"nama_lengkap": "M. Bakhrun Amiq Bila Sakhil", "id_santri": "029", "status": "Aktif", "foto_profil": ""}}, {"model": "core.santri", "pk": 30, "fields": {"nama_lengkap": "M. Dzaky Fauzul Khaq", "id_santri": "030", "status": "Aktif", "foto_profil": ""}}, {"model": "core.santri", "pk": 31, "fields": {"nama_lengkap": "M. Faiq Reychan Al Chaidar", "id_santri": "031", "status": "Aktif", "foto_profil": ""}}, {"model": "core.santri", "pk": 32, "fields": {"nama_lengkap": "M. Faiz Hilmi", "id_santri": "032", "status": "Aktif", "foto_profil": ""}}, {"model": "core.santri", "pk": 33, "fields": {"nama_lengkap": "M. Haikal Ath Thoriq", "id_santri": "033", "status": "Aktif", "foto_profil": ""}}, {"model": "core.santri", "pk": 34, "fields": {"nama_lengkap": "M. Hidayatul Mutafakirin", "id_santri": "034", "status": "Aktif", "foto_profil": ""}}, {"model": "core.santri", "pk": 35, "fields": {"nama_lengkap": "M. Izzul Ubaidillah", "id_santri": "035", "status": "Aktif", "foto_profil": ""}}, {"model": "core.santri", "pk": 36, "fields": {"nama_lengkap": "M. Nicolas Nashrul Anam", "id_santri": "036", "status": "Aktif", "foto_profil": ""}}, {"model": "core.santri", "pk": 37, "fields": {"nama_lengkap": "M. Sulthan Yusra", "id_santri": "037", "status": "Aktif", "foto_profil": ""}}, {"model": "core.santri", "pk": 38, "fields": {"nama_lengkap": "M. Wifqi Aziz", "id_santri": "038", "status": "Aktif", "foto_profil": ""}}, {"model": "core.santri", "pk": 39, "fields": {"nama_lengkap": "Maftuh Wustho Nur", "id_santri": "039", "status": "Aktif", "foto_profil": ""}}, {"model": "core.santri", "pk": 40, "fields": {"nama_lengkap": "Moch. Esa Syifa'ul Abrori", "id_santri": "040", "status": "Aktif", "foto_profil": ""}}, {"model": "core.santri", "pk": 41, "fields": {"nama_lengkap": "Moh Fikri Rafi'usysyani", "id_santri": "041", "status": "Aktif", "foto_profil": ""}}, {"model": "core.santri", "pk": 42, "fields": {"nama_lengkap": "Muchammad Daniel Faza", "id_santri": "042", "status": "Aktif", "foto_profil": ""}}, {"model": "core.santri", "pk": 43, "fields": {"nama_lengkap": "Muhamad Fawwaz Akbar", "id_santri": "043", "status": "Aktif", "foto_profil": ""}}, {"model": "core.santri", "pk": 44, "fields": {"nama_lengkap": "Muhamad Ridwan", "id_santri": "044", "status": "Aktif", "foto_profil": ""}}, {"model": "core.santri", "pk": 45, "fields": {"nama_lengkap": "Muhammad Al Muhtadi", "id_santri": "045", "status": "Aktif", "foto_profil": ""}}, {"model": "core.santri", "pk": 46, "fields": {"nama_lengkap": "Muhammad Alfan Khoir", "id_santri": "046", "status": "Aktif", "foto_profil": ""}}, {"model": "core.santri", "pk": 47, "fields": {"nama_lengkap": "Muhammad Ali Maulana", "id_santri": "047", "status": "Aktif", "foto_profil": ""}}, {"model": "core.santri", "pk": 48, "fields": {"nama_lengkap": "Muhammad Azza Alaih", "id_santri": "048", "status": "Aktif", "foto_profil": ""}}, {"model": "core.santri", "pk": 49, "fields": {"nama_lengkap": "Muhammad Baihaqi Hakim", "id_santri": "049", "status": "Aktif", "foto_profil": ""}}, {"model": "core.santri", "pk": 50, "fields": {"nama_lengkap": "Muhammad Bintang Alfanero", "id_santri": "050", "status": "Aktif", "foto_profil": ""}}, {"model": "core.santri", "pk": 51, "fields": {"nama_lengkap": "Muhammad Fardan Auliya'", "id_santri": "051", "status": "Aktif", "foto_profil": ""}}, {"model": "core.santri", "pk": 52, "fields": {"nama_lengkap": "Muhammad Fatwa Fauzi", "id_santri": "052", "status": "Aktif", "foto_profil": ""}}, {"model": "core.santri", "pk": 53, "fields": {"nama_lengkap": "Muhammad Hapis HSB", "id_santri": "053", "status": "Aktif", "foto_profil": ""}}, {"model": "core.santri", "pk": 54, "fields": {"nama_lengkap": "Muhammad Ircham Ma'azizi", "id_santri": "054", "status": "Aktif", "foto_profil": ""}}, {"model": "core.santri", "pk": 55, "fields": {"nama_lengkap": "Muhammad Lutfi Habibi", "id_santri": "055", "status": "Aktif", "foto_profil": ""}}, {"model": "core.santri", "pk": 56, "fields": {"nama_lengkap": "Muhammad Nawwaf Arkan", "id_santri": "056", "status": "Aktif", "foto_profil": ""}}, {"model": "core.santri", "pk": 57, "fields": {"nama_lengkap": "Muhammad Rasydi Musyarrafi", "id_santri": "057", "status": "Aktif", "foto_profil": ""}}, {"model": "core.santri", "pk": 58, "fields": {"nama_lengkap": "Muhammad Rizki Taftazani", "id_santri": "058", "status": "Aktif", "foto_profil": ""}}, {"model": "core.santri", "pk": 59, "fields": {"nama_lengkap": "Muhammad Vavian Al Jeveir", "id_santri": "059", "status": "Aktif", "foto_profil": ""}}, {"model": "core.santri", "pk": 60, "fields": {"nama_lengkap": "Mukhammad Alawi", "id_santri": "060", "status": "Aktif", "foto_profil": ""}}, {"model": "core.santri", "pk": 61, "fields": {"nama_lengkap": "Naofal Dimas Saputra", "id_santri": "061", "status": "Aktif", "foto_profil": ""}}, {"model": "core.santri", "pk": 62, "fields": {"nama_lengkap": "Panji Al Anwar", "id_santri": "062", "status": "Aktif", "foto_profil": ""}}, {"model": "core.santri", "pk": 63, "fields": {"nama_lengkap": "Raihan Rinaldi", "id_santri": "063", "status": "Aktif", "foto_profil": ""}}, {"model": "core.santri", "pk": 64, "fields": {"nama_lengkap": "Ridwan Maulana", "id_santri": "064", "status": "Aktif", "foto_profil": ""}}, {"model": "core.santri", "pk": 65, "fields": {"nama_lengkap": "Rijal Ainul Yaqin", "id_santri": "065", "status": "Aktif", "foto_profil": ""}}, {"model": "core.santri", "pk": 66, "fields": {"nama_lengkap": "Rizky Afdrian Zafir", "id_santri": "066", "status": "Aktif", "foto_profil": ""}}, {"model": "core.santri", "pk": 67, "fields": {"nama_lengkap": "Rizky Febian", "id_santri": "067", "status": "Aktif", "foto_profil": ""}}, {"model": "core.santri", "pk": 68, "fields": {"nama_lengkap": "Rizkyka Indrawan Pasaribu", "id_santri": "068", "status": "Aktif", "foto_profil": ""}}, {"model": "core.santri", "pk": 69, "fields": {"nama_lengkap": "Sabiq Izzun Rahmatdhani", "id_santri": "069", "status": "Aktif", "foto_profil": ""}}, {"model": "core.santri", "pk": 70, "fields": {"nama_lengkap": "Satria Suteja", "id_santri": "070", "status": "Aktif", "foto_profil": ""}}, {"model": "core.santri", "pk": 71, "fields": {"nama_lengkap": "Silmi Aziz", "id_santri": "071", "status": "Aktif", "foto_profil": ""}}, {"model": "core.santri", "pk": 72, "fields": {"nama_lengkap": "Subhan Zeda Manzilana", "id_santri": "072", "status": "Aktif", "foto_profil": ""}}, {"model": "core.santri", "pk": 73, "fields": {"nama_lengkap": "Tsabit Fahmil Huda", "id_santri": "073", "status": "Aktif", "foto_profil": ""}}, {"model": "core.santri", "pk": 74, "fields": {"nama_lengkap": "Ubaidi Nurrohman", "id_santri": "074", "status": "Aktif", "foto_profil": ""}}, {"model": "core.santri", "pk": 75, "fields": {"nama_lengkap": "Muhammad Robit Syarif", "id_santri": "075", "status": "Aktif", "foto_profil": ""}}, {"model": "core.santri", "pk": 76, "fields": {"nama_lengkap": "Ahmad Damanhuri", "id_santri": "076", "status": "Aktif", "foto_profil": ""}}, {"model": "core.santri", "pk": 77, "fields": {"nama_lengkap": "Deno Ridhenoka", "id_santri": "077", "status": "Aktif", "foto_profil": ""}}, {"model": "core.santri", "pk": 78, "fields": {"nama_lengkap": "Maulana Dzaky Ammar", "id_santri": "078", "status": "Aktif", "foto_profil": ""}}, {"model": "core.santri", "pk": 79, "fields": {"nama_lengkap": "Sayid Ahmad Mubarok Noor Insan", "id_santri": "079", "status": "Aktif", "foto_profil": ""}}, {"model": "core.santri", "pk": 80, "fields": {"nama_lengkap": "M. Naufal Amrulloh", "id_santri": "080", "status": "Aktif", "foto_profil": ""}}, {"model": "core.santri", "pk": 81, "fields": {"nama_lengkap": "Sabilar Rosyad", "id_santri": "081", "status": "Aktif", "foto_profil": ""}}, {"model": "core.santri", "pk": 82, "fields": {"nama_lengkap": "Mohammad Azril Aulia", "id_santri": "082", "status": "Aktif", "foto_profil": ""}}, {"model": "core.santri", "pk": 83, "fields": {"nama_lengkap": "Miftah Farid Abdul Rosyd", "id_santri": "083", "status": "Aktif", "foto_profil": ""}}, {"model": "core.santri", "pk": 84, "fields": {"nama_lengkap": "Anggara Saputra", "id_santri": "084", "status": "Aktif", "foto_profil": ""}}, {"model": "core.santri", "pk": 85, "fields": {"nama_lengkap": "Khashiful Hisyam Al-Athoo", "id_santri": "085", "status": "Aktif", "foto_profil": ""}}, {"model": "core.santri", "pk": 86, "fields": {"nama_lengkap": "(Pengurus) Wildan Muhammad Rahmatulloh", "id_santri": "086", "status": "Aktif", "foto_profil": ""}}, {"model": "core.riwayattes", "pk": 1, "fields": {"santri": 1, "sks": 1, "tanggal_tes": "2025-06-20", "nilai": 90}}, {"model": "core.riwayattes", "pk": 2, "fields": {"santri": 1, "sks": 3, "tanggal_tes": "2025-06-03", "nilai": 80}}, {"model": "core.riwayattes", "pk": 3, "fields": {"santri": 1, "sks": 2, "tanggal_tes": "2025-06-21", "nilai": 90}}, {"model": "core.riwayattes", "pk": 4, "fields": {"santri": 2, "sks": 1, "tanggal_tes": "2025-06-02", "nilai": 100}}, {"model": "core.riwayattes", "pk": 5, "fields": {"santri": 2, "sks": 2, "tanggal_tes": "2025-06-07", "nilai": 100}}, {"model": "core.riwayattes", "pk": 6, "fields": {"santri": 2, "sks": 3, "tanggal_tes": "2025-06-21", "nilai": 100}}, {"model": "core.riwayattes", "pk": 7, "fields": {"santri": 2, "sks": 4, "tanggal_tes": "2025-06-09", "nilai": 100}}, {"model": "core.riwayattes", "pk": 8, "fields": {"santri": 1, "sks": 3, "tanggal_tes": "2025-06-21", "nilai": 100}}, {"model": "core.riwayattes", "pk": 9, "fields": {"santri": 4, "sks": 23, "tanggal_tes": "2025-06-21", "nilai": 85}}, {"model": "core.riwayattes", "pk": 10, "fields": {"santri": 1, "sks": 9, "tanggal_tes": "2025-06-16", "nilai": 100}}, {"model": "core.riwayattes", "pk": 11, "fields": {"santri": 1, "sks": 11, "tanggal_tes": "2025-06-21", "nilai": 100}}, {"model": "core.riwayattes", "pk": 12, "fields": {"santri": 2, "sks": 44, "tanggal_tes": "2025-06-21", "nilai": 100}}, {"model": "core.riwayattes", "pk": 13, "fields": {"santri": 2, "sks": 9, "tanggal_tes": "2025-06-21", "nilai": 100}}, {"model": "core.riwayattes", "pk": 14, "fields": {"santri": 2, "sks": 11, "tanggal_tes": "2025-06-21", "nilai": 100}}, {"model": "core.riwayattes", "pk": 15, "fields": {"santri": 2, "sks": 3, "tanggal_tes": "2023-07-01", "nilai": 100}}, {"model": "core.riwayattes", "pk": 16, "fields": {"santri": 2, "sks": 4, "tanggal_tes": "2025-06-21", "nilai": 100}}, {"model": "core.riwayattes", "pk": 17, "fields": {"santri": 2, "sks": 5, "tanggal_tes": "2025-06-21", "nilai": 100}}, {"model": "core.riwayattes", "pk": 18, "fields": {"santri": 2, "sks": 6, "tanggal_tes": "2025-06-21", "nilai": 100}}, {"model": "core.riwayattes", "pk": 19, "fields": {"santri": 2, "sks": 12, "tanggal_tes": "2025-06-21", "nilai": 100}}, {"model": "core.riwayattes", "pk": 20, "fields": {"santri": 2, "sks": 13, "tanggal_tes": "2025-06-21", "nilai": 100}}, {"model": "core.riwayattes", "pk": 21, "fields": {"santri": 2, "sks": 14, "tanggal_tes": "2025-06-21", "nilai": 100}}, {"model": "core.riwayattes", "pk": 22, "fields": {"santri": 2, "sks": 14, "tanggal_tes": "2025-06-21", "nilai": 100}}, {"model": "core.riwayattes", "pk": 23, "fields": {"santri": 2, "sks": 16, "tanggal_tes": "2025-06-21", "nilai": 100}}, {"model": "core.riwayattes", "pk": 24, "fields": {"santri": 2, "sks": 15, "tanggal_tes": "2025-06-21", "nilai": 100}}, {"model": "core.riwayattes", "pk": 25, "fields": {"santri": 2, "sks": 19, "tanggal_tes": "2025-06-21", "nilai": 100}}, {"model": "core.riwayattes", "pk": 26, "fields": {"santri": 2, "sks": 17, "tanggal_tes": "2025-06-21", "nilai": 100}}, {"model": "core.riwayattes", "pk": 27, "fields": {"santri": 2, "sks": 18, "tanggal_tes": "2025-06-21", "nilai": 100}}, {"model": "core.riwayattes", "pk": 28, "fields": {"santri": 2, "sks": 20, "tanggal_tes": "2025-06-21", "nilai": 100}}, {"model": "core.riwayattes", "pk": 29, "fields": {"santri": 2, "sks": 21, "tanggal_tes": "2025-06-21", "nilai": 100}}, {"model": "core.riwayattes", "pk": 30, "fields": {"santri": 2, "sks": 22, "tanggal_tes": "2025-06-21", "nilai": 100}}, {"model": "core.riwayattes", "pk": 31, "fields": {"santri": 2, "sks": 23, "tanggal_tes": "2025-06-21", "nilai": 71}}, {"model": "core.riwayattes", "pk": 32, "fields": {"santri": 2, "sks": 24, "tanggal_tes": "2025-06-21", "nilai": 100}}, {"model": "core.riwayattes", "pk": 33, "fields": {"santri": 2, "sks": 25, "tanggal_tes": "2025-06-21", "nilai": 100}}, {"model": "core.riwayattes", "pk": 34, "fields": {"santri": 2, "sks": 26, "tanggal_tes": "2025-06-21", "nilai": 100}}, {"model": "core.riwayattes", "pk": 35, "fields": {"santri": 2, "sks": 27, "tanggal_tes": "2025-06-21", "nilai": 100}}, {"model": "core.riwayattes", "pk": 36, "fields": {"santri": 2, "sks": 28, "tanggal_tes": "2025-06-21", "nilai": 100}}, {"model": "core.riwayattes", "pk": 37, "fields": {"santri": 2, "sks": 29, "tanggal_tes": "2025-06-21", "nilai": 100}}, {"model": "core.riwayattes", "pk": 38, "fields": {"santri": 2, "sks": 30, "tanggal_tes": "2025-06-21", "nilai": 100}}, {"model": "core.riwayattes", "pk": 39, "fields": {"santri": 2, "sks": 31, "tanggal_tes": "2025-06-21", "nilai": 100}}, {"model": "core.riwayattes", "pk": 40, "fields": {"santri": 2, "sks": 32, "tanggal_tes": "2025-06-21", "nilai": 100}}, {"model": "core.riwayattes", "pk": 41, "fields": {"santri": 2, "sks": 33, "tanggal_tes": "2025-06-21", "nilai": 100}}, {"model": "core.riwayattes", "pk": 42, "fields": {"santri": 2, "sks": 34, "tanggal_tes": "2025-06-21", "nilai": 100}}, {"model": "core.riwayattes", "pk": 43, "fields": {"santri": 2, "sks": 35, "tanggal_tes": "2025-06-21", "nilai": 100}}, {"model": "core.riwayattes", "pk": 44, "fields": {"santri": 2, "sks": 36, "tanggal_tes": "2025-06-21", "nilai": 100}}, {"model": "core.riwayattes", "pk": 45, "fields": {"santri": 2, "sks": 37, "tanggal_tes": "2025-06-21", "nilai": 100}}, {"model": "core.riwayattes", "pk": 46, "fields": {"santri": 2, "sks": 38, "tanggal_tes": "2025-06-21", "nilai": 100}}, {"model": "core.riwayattes", "pk": 47, "fields": {"santri": 2, "sks": 39, "tanggal_tes": "2025-06-21", "nilai": 100}}, {"model": "core.riwayattes", "pk": 48, "fields": {"santri": 2, "sks": 40, "tanggal_tes": "2025-06-21", "nilai": 100}}, {"model": "core.riwayattes", "pk": 49, "fields": {"santri": 2, "sks": 41, "tanggal_tes": "2025-06-21", "nilai": 100}}, {"model": "core.riwayattes", "pk": 50, "fields": {"santri": 2, "sks": 42, "tanggal_tes": "2025-06-21", "nilai": 100}}, {"model": "core.riwayattes", "pk": 51, "fields": {"santri": 2, "sks": 42, "tanggal_tes": "2025-06-21", "nilai": 100}}, {"model": "core.riwayattes", "pk": 52, "fields": {"santri": 2, "sks": 44, "tanggal_tes": "2025-06-21", "nilai": 100}}, {"model": "core.riwayattes", "pk": 53, "fields": {"santri": 2, "sks": 43, "tanggal_tes": "2025-06-21", "nilai": 100}}, {"model": "core.riwayattes", "pk": 54, "fields": {"santri": 2, "sks": 29, "tanggal_tes": "2025-06-21", "nilai": 100}}, {"model": "core.riwayattes", "pk": 55, "fields": {"santri": 2, "sks": 7, "tanggal_tes": "2025-06-21", "nilai": 100}}, {"model": "core.riwayattes", "pk": 56, "fields": {"santri": 2, "sks": 45, "tanggal_tes": "2025-06-21", "nilai": 100}}, {"model": "core.riwayattes", "pk": 57, "fields": {"santri": 2, "sks": 46, "tanggal_tes": "2025-06-21", "nilai": 100}}, {"model": "core.riwayattes", "pk": 58, "fields": {"santri": 2, "sks": 47, "tanggal_tes": "2025-06-21", "nilai": 100}}, {"model": "core.riwayattes", "pk": 59, "fields": {"santri": 2, "sks": 48, "tanggal_tes": "2025-06-21", "nilai": 100}}, {"model": "core.riwayattes", "pk": 60, "fields": {"santri": 2, "sks": 10, "tanggal_tes": "2025-06-21", "nilai": 100}}, {"model": "core.riwayattes", "pk": 61, "fields": {"santri": 1, "sks": 23, "tanggal_tes": "2025-06-21", "nilai": 70}}, {"model": "core.riwayattes", "pk": 62, "fields": {"santri": 7, "sks": 1, "tanggal_tes": "2025-06-22", "nilai": 100}}, {"model": "core.riwayattes", "pk": 63, "fields": {"santri": 11, "sks": 15, "tanggal_tes": "2025-06-22", "nilai": 78}}, {"model": "core.riwayattes", "pk": 64, "fields": {"santri": 4, "sks": 29, "tanggal_tes": "2025-06-22", "nilai": 100}}, {"model": "core.riwayattes", "pk": 65, "fields": {"santri": 16, "sks": 29, "tanggal_tes": "2025-06-19", "nilai": 91}}, {"model": "core.riwayattes", "pk": 66, "fields": {"santri": 56, "sks": 30, "tanggal_tes": "2025-06-19", "nilai": 92}}, {"model": "core.riwayattes", "pk": 67, "fields": {"santri": 20, "sks": 31, "tanggal_tes": "2025-06-19", "nilai": 96}}, {"model": "core.riwayattes", "pk": 68, "fields": {"santri": 32, "sks": 24, "tanggal_tes": "2025-06-19", "nilai": 96}}, {"model": "core.riwayattes", "pk": 69, "fields": {"santri": 55, "sks": 24, "tanggal_tes": "2025-06-19", "nilai": 92}}, {"model": "core.riwayattes", "pk": 70, "fields": {"santri": 50, "sks": 25, "tanggal_tes": "2025-06-19", "nilai": 100}}, {"model": "core.riwayattes", "pk": 71, "fields": {"santri": 25, "sks": 37, "tanggal_tes": "2025-06-19", "nilai": 90}}, {"model": "core.riwayattes", "pk": 72, "fields": {"santri": 35, "sks": 41, "tanggal_tes": "2025-06-19", "nilai": 90}}, {"model": "core.riwayattes", "pk": 73, "fields": {"santri": 35, "sks": 42, "tanggal_tes": "2025-06-19", "nilai": 90}}, {"model": "core.riwayattes", "pk": 74, "fields": {"santri": 23, "sks": 39, "tanggal_tes": "2025-06-19", "nilai": 90}}, {"model": "core.riwayattes", "pk": 75, "fields": {"santri": 1, "sks": 4, "tanggal_tes": "2024-10-04", "nilai": 80}}]